,id_str,text,screen_name,location,country,created_at,first_hashtag
0,1388644402512474117,"@mider_teacup I bet he has more victims too, this man is a danger to the public",lakota126,,,2021-05-01 23:59:59,
1,1388644402495643649,"RT @Eagles: That‚Äôs a wrap on the 2021 #EaglesDraft!

@LifeBrand_AI | #FlyEaglesFly https://t.co/Nxzpk5TVb5",HoopFan29,,,2021-05-01 23:59:59,EaglesDraft
2,1388644402487201793,"RT @KoreanUpdates: Around US confirms #Highlight #Doojoon will be leading new drama 'No Goo Pil Soo' as a genius in his 20s, Jung Seok. He‚Ä¶",Ongpai,,,2021-05-01 23:59:59,Highlight
3,1388644402487193605,"RT @sacred_ribbon: Every single Zhang Zhehan‚Äôs character always have one big gay moment no matter how straight the character should be..

E‚Ä¶",Pladolly3,,,2021-05-01 23:59:59,
4,1388644402428579841,@serene4uk @ellufc @JimenaJuani But isn‚Äôt it great just to have a top 3 after nearly as many years of Bielsa in cha‚Ä¶ https://t.co/mEOnOgINwT,Lee_Adorned,,,2021-05-01 23:59:59,
5,1388644402373873664,"RT @pqpolitics: Viktor Bout, a Russian arms dealer once known as ‚Äúthe merchant of death,‚Äù had nearly a dozen #Delaware shell companies.

Ti‚Ä¶",AMWClarkLaw,,,2021-05-01 23:59:59,Delaware
6,1388644402361364483,RT @AndyKimNJ: READ: There are a lot of good books and people should recommend others. One that is really informative about Asian American‚Ä¶,Solutioneer72,,,2021-05-01 23:59:59,
7,1388644402357211139,"RT @SpeakerPelosi: The most important thing is our children, our children, our children. The American Families Plan is a bold, transformati‚Ä¶",TracyBa80219117,,,2021-05-01 23:59:59,
8,1388644402348789763,"RT @athena_0207: [WTS/ Help rtüá≤üáæ]
I‚Äôm helping my sis to clear her preloved merchüíô
-Super Show 3 Concert Photobook :RM80
-SJ The Best Collec‚Ä¶",LerRachel,,,2021-05-01 23:59:59,
9,1388644402311090176,"Dear @Apple,
Your newest upgrade made me loose over a years worth of music.  Some of which were carefully curated p‚Ä¶ https://t.co/9yrw09XAo5",OnaagoshinAnang,"London, Ontario",Canada,2021-05-01 23:59:59,
10,1388644402273288193,"RT @tmasuda74: ‚Ä¢ Massu asked who listened to Kchan NEWS, and asked if they remember what Koyama asked for before presenting a shoe box to K‚Ä¶",shuwashuwishuwa,,,2021-05-01 23:59:59,
11,1388644402269143047,RT @JackPosobiec: California college professor is put on leave after flipping out at a 19-year-old student for calling cops 'heroes' during‚Ä¶,debra47139627,,,2021-05-01 23:59:59,
12,1388644402252460042,@Mirahh01 happy birthday to the loveliest and most talented sister in the worldddd mira ü•≥ wish you a blessed and am‚Ä¶ https://t.co/CDnrhb0u4K,127eo,,,2021-05-01 23:59:59,
13,1388644402231488517,RT @Omgiamonfire: Yoko Taro doing an interview using a Kermit the Frog Vtuber avatar is the most Yoko Taro thing ever. https://t.co/yOeDZ7I‚Ä¶,DrunkDezmond,,,2021-05-01 23:59:59,
14,1388644402201989120,"RT @ForeignPolicy: ""What is unfolding in India is more than a crisis triggered by a pathogen. It is a carnage precipitated by the conduct o‚Ä¶",Anurag97548167,,,2021-05-01 23:59:59,
15,1388644402189512705,"RT @JacquesDoucet: Congratulations to local product @adrian_ealy of @OU_Football, who has agreed to a free agent deal with @Ravens. Enjoyed‚Ä¶",yellowboy1226,,,2021-05-01 23:59:59,
16,1388644402155835393,"RT @thatrtx: The second ""Overdrive - Genesis"" collected is the #10, showing the partial transformation of a Traveller into Overdrive #10.
T‚Ä¶",skomra,,,2021-05-01 23:59:59,
17,1388644402071957505,RT @TEARHOYAA: BTS was partying and someone came slipped and died... Now that's a crime scene while major suspect are bts who might have pu‚Ä¶,ggukiesowooju,,,2021-05-01 23:59:59,
18,1388644402063675394,"@Adouble212 Crap. For a minute I thought *I* was the richest person in the world

Guess I'll take my $23 trillion and pout somewhere",BlockBrain4u,,,2021-05-01 23:59:59,
19,1388644402059485189,Find out how a group of @PaceUniversity students managed to overcome the pandemic and release their latest document‚Ä¶ https://t.co/Pt4qi49G5C,WestchesterMag,,,2021-05-01 23:59:59,
20,1388644402046947329,"Oh, it was such a great day in the bluegrass!üíôüôå
@BBN",LaurenDanner_UK,,,2021-05-01 23:59:59,
21,1388644402046898177,"RT @EmmabBooks: Two great thrillers from Jem Tugwell @JemTugwell
A series set in the very near future.  Great author, great books!!
https:/‚Ä¶",solmullersch,,,2021-05-01 23:59:59,
22,1388644402046726147,"the day is over and you got through it all !! you‚Äôre so much stronger than you think :) 
have a good night sleep, d‚Ä¶ https://t.co/zw9SLgLgmE",scjbthinker,,,2021-05-01 23:59:59,
23,1388644402009157635,"Besides thinking Jethro Tull completely rocked for at least the better part of a decade, I think my most unpopular‚Ä¶ https://t.co/I1PgtiIA9B",jen_powers43,,,2021-05-01 23:59:59,
24,1388644402000797701,"As a Christian, we are taught to love others as we love ourselves due to the Lords love of life and His sons death‚Ä¶ https://t.co/bHya6zIpnm",Leila62404283,,,2021-05-01 23:59:59,
25,1388644401937887232,"""Outreach should be encouraged and rewarded through the implementation of what we call a 'public engagement' scorin‚Ä¶ https://t.co/UkhDYCjC7b",TheScientistLLC,,,2021-05-01 23:59:59,
26,1388644401828663300,"RT @TheNewDailyAu: After the government failed on the vaccine rollout, going over the top now with unnecessary legislation to make being an‚Ä¶",JASWIND87949482,,,2021-05-01 23:59:59,
27,1388644401786855429,@cdixon9797 @CoreySeagoatLA @MrDoge93 @WhoIsClayJames @elonmusk Only thing that concerns me is the long-term diluti‚Ä¶ https://t.co/equEntiABm,TheGucciGav,,,2021-05-01 23:59:59,
28,1388644401728077825,RT @ChrisDo30828241: Jucinda Arden took a pay cut during the CoVID Crisis...                                 Boris Johnson took the piss...‚Ä¶,Cassie99287756,,,2021-05-01 23:59:59,
29,1388644401698717699,@NickBorelli2 The writer watching a scene they didn‚Äôt write. https://t.co/79AwQscXFs,the_ceejay,,,2021-05-01 23:59:59,
30,1388644401627414531,"RT @pyredoot: A day at the beach!!! üêøüê∂‚õ± 

üê∂@blazethefox2
üé®@nasusbotART https://t.co/KT3O0aoG3X",bastardapple,,,2021-05-01 23:59:59,
31,1388644401493258244,"RT @ExBSixPrincipal: Is Boris Johnson the most left-wing Tory prime minister ever? | The Independent
https://t.co/xS0GL31nm8 
Even for Reve‚Ä¶",VioletHazes,,,2021-05-01 23:59:59,
32,1388644401484861443,"RT @AndrewBrandt: Offered the last undrafted contract of the year to a player; I said the signing bonus would be $1,000.  Bless his heart,‚Ä¶",davcafogl16,,,2021-05-01 23:59:59,
33,1388644401442787332,"RT @chabaewoo: op: oppa i have some concern. someone says he'll give me 5 billion but i can't like you nor go to you. what should i do?
üêª:‚Ä¶",Nanaazmi13,,,2021-05-01 23:59:59,
34,1388644401417789445,"RT @mfe_123: Bro one of the things that sucks with PCOS is i can be feeling myself one day and then next inflammation kicks me in the ass,‚Ä¶",jasminecahbaeyo,,,2021-05-01 23:59:59,
35,1388644401367470081,"RT @ABiteOfPod: Next season on A Bite Of we will be going to Ravka and breaking down Netflix‚Äôs #ShadowandBone! 
Grab your Kefta and go into‚Ä¶",ABiteOfPod,,,2021-05-01 23:59:59,ShadowandBone
36,1388644401111523333,"@s_guilbeault @CPC_HQ There is some great Canadian talent out there but let's face it, if you need to force content‚Ä¶ https://t.co/HJ3L26sdjN",Bill_Henwood,,,2021-05-01 23:59:59,
37,1388644401052848131,"·Ö†
·Ö†
I got into baking thanks to you,  so 
you can ask me what you'd like.  

(  Smiling at the devil,  landing a ki‚Ä¶ https://t.co/zLHBvtO9N6",SOULBXNDED,,,2021-05-01 23:59:59,
38,1388644400998268929,@thistallawkgirl Wait till the chip lodges in an organ.  I can now charge my phone from 37k feet!  (BTW this is a joke),damaysofficial,"Cary, NC",United States,2021-05-01 23:59:59,
39,1388644400973205507,"RT @batkaren: ‚ÄúI‚Äôll miss this place,‚Äù the graduating senior says.

‚ÄúYou‚Äôll see it again.‚Äù I smile. ‚ÄúIn dreams, whenever you have anxiety. I‚Ä¶",asyouknowBob,,,2021-05-01 23:59:59,
40,1388644400926842882,"RT @reiner55art: Since Ben10k was the winner i had to deliver, enjoy ;)

Show this one some love if u think I should make it a full illustr‚Ä¶",destroyer_khan,,,2021-05-01 23:59:59,
41,1388644400859783169,"RT @ErrolWebber: For a country that spent years killing an entire generation in the womb, but tells adults to wear masks to ‚Äúsave lives,‚Äù y‚Ä¶",AxeMountain,,,2021-05-01 23:59:59,
42,1388644400763449345,"RT @GTWScar: We are blown away by the incredible support given to @SOS_Africa on today's stream! You raised over $100,000 towards helping p‚Ä¶",AnthonnyAG,,,2021-05-01 23:59:59,
43,1388644400717303808,RT @bluesatch: The branch manager coming to deny you of a small business loan  https://t.co/b8msxYu3Z9,2ShotsOfB,,,2021-05-01 23:59:59,
44,1388644400658583554,"These days, every business is making a beeline for the #publiccloud. Dig deeper to know the risks that come with th‚Ä¶ https://t.co/QJ3clZWKjY",CalsoftInc,,,2021-05-01 23:59:59,publiccloud
45,1388644400637612035,"RT @Aligulpir: Apa @KanganaTeam reminds us of the dangers of news reporting by comparing it to a pandemic. If news stops, deaths will too!‚Ä¶",TheHassanAmin,,,2021-05-01 23:59:59,
46,1388644400633323521,"@DavidCasselTNS  Later ported the game over to two other pre-internet online services,   CompuServe and an online s‚Ä¶ https://t.co/5utOI8iOAi",usuallyontheflr,,,2021-05-01 23:59:59,
47,1388644400620654594,"""The performance is love, It's a dance for me."" - Jim Carrey, The Hollywood Reporter

#JimCarrey https://t.co/nM1hKn31zt",loversoulmmm,,,2021-05-01 23:59:59,JimCarrey
48,1388644400599912455,"RT @Ballandalus: An extraordinary item has been recovered by police in Alicante, Spain: a rare gold dinar minted in C√≥rdoba around 716-717‚Ä¶",FlippinAlbanian,,,2021-05-01 23:59:59,
49,1388644400562065414,@Globoyjayy01 you got me dealing with these A&amp;M folks üòÇüòÇ we should be in the SWAC tho,chillwill000,,,2021-05-01 23:59:59,
50,1388644400549400578,Alberta is very quickly becoming an unlivable province. Our gov't is pandering to all the wrong groups and people a‚Ä¶ https://t.co/upSUMt9Ffq,N88TE,,,2021-05-01 23:59:59,
51,1388644400528609280,"I‚Äôm really happy for Larin. A couple of seasons ago he just didn‚Äôt seem the right fit for us, but he went away and‚Ä¶ https://t.co/8pHowhsspv",BJKUK1903,,,2021-05-01 23:59:59,
52,1388644400453013504,RT @bsarwary: #AFG Ezatullah son of the murdered tribal chief Akbar Khakrizwal was assassinated in Kandahar city in PD9 last night. In PD3‚Ä¶,The_War_TARDIS,,,2021-05-01 23:59:59,AFG
53,1388644400436219907,RT @Reuters: WATCH: Cows seem to jump for joy on a farm in southern Sweden as they are taken out for the first time after the winter months‚Ä¶,gretaschmelzer,,,2021-05-01 23:59:59,
54,1388644400432140290,RT @PeteWest420: MAGGIE HASSAN co-sponsored a bill that supports STEM education and workforce development and research focused on rural are‚Ä¶,JaniceReardon2,,,2021-05-01 23:59:59,
55,1388644400431960065,@PreetBharara @JoyceWhiteVance Looks like a plant....I love the double meaning.,jill_zieglar,,,2021-05-01 23:59:59,
56,1388644400402636802,"RT @iIyunie: engenes, this doesnt end here, we still need to increase our views, create a huge gap in the votings &amp; maintain the chart, its‚Ä¶",jksagapi,,,2021-05-01 23:59:59,
57,1388644400268398592,RT @monopolyfox: could you IMAGINE lighting a building on fire and seeing it go up in flames as you hear a ukulele and a voice softly singi‚Ä¶,kiyokospeaks,,,2021-05-01 23:59:59,
58,1388644400260059138,gimme a choice &amp; ima always choose the best,moneyyjustaword,,,2021-05-01 23:59:59,
59,1388644400239153158,"RT @milk_woman_: told a girl in direct simple terms that I‚Äôve realized I am fully infatuated w her, told her calmly that the passion is ove‚Ä¶",AL0SA,,,2021-05-01 23:59:59,
60,1388644400218001408,"RT @DNPthree: I'll give $100 to a random person who retweets this within the next 10 minutes. 

Be sure to drop a like on the quoted tweet‚Ä¶",gabriel01344671,,,2021-05-01 23:59:59,
61,1388644400197214209,RT @MsAvaArmstrong: If Trump was on video bragging about extorting Ukraine for $1 billion to keep his son's corrupt company safe from prose‚Ä¶,PJBottoms4,,,2021-05-01 23:59:59,
62,1388644400184578051,"RT @fapsnnaps: after many hospital &amp; doc visit they found out i have a tumor &amp; im due for surgery soon, ive been out of work for about 3 we‚Ä¶",_guffaw_,,,2021-05-01 23:59:59,
63,1388644400180436992,RT @Typhek_The_Rex: When I'm just in the heat of the moment. My big shark is gonna take advantage of the sweat I'm work'in up while gaming.‚Ä¶,Managarmnr,,,2021-05-01 23:59:59,
64,1388644400138526721,RT @PulpitHistorian: @creed_humphrey @TreySmith73 Here‚Äôs a helpful chart I made- Welcome to the Chiefs Kingdom! https://t.co/D0CqG44mxo,F1YE_,,,2021-05-01 23:59:59,
65,1388644400129925122,RT @PalmerReport: Mitt Romney getting booed to his face by the Utah GOP is why the republicans are so damn beatable in 2022. They‚Äôre a hope‚Ä¶,truth_n_fact,,,2021-05-01 23:59:59,
66,1388644400088158210,"RT @wawinaApr: A sweet pup protects and patiently guides his blind brother so he can safely go down the stairs ‚ù§ 

(vid by millie) https://‚Ä¶",CitlalyMeraz,,,2021-05-01 23:59:59,
67,1388644400042057735,"RT @newrossstreetf1: TRADITION MAINTAINED 

A vibrant #MayBush adorns the Bearna Baoil today beneath bratacha na h√âireann agus Laighean.
Co‚Ä¶",SamMaguireGAA7s,,,2021-05-01 23:59:59,MayBush
68,1388644400041844738,[[ With someone she loves? A heckin‚Äô thot in the sheets. ]],adra_ffxiv,,,2021-05-01 23:59:59,
69,1388644400025284609,"RT @Jitters_Box: alright fine fine ill do the list for mutuals- #anitwt

Like/Rt if you watch:
-ohshc
-jjk
-sk8 
-black clover
-mashiro no‚Ä¶",sexctitan,,,2021-05-01 23:59:59,anitwt
70,1388644400000024579,"RT @SportsCenter: A very good assistant GM üê∂

Bill Belichick's dog was back for the #NFLDraft

(via @Patriots) https://t.co/ODxtlUtfDH",TheJosephBarnes,,,2021-05-01 23:59:59,NFLDraft
71,1388644399941365760,"RT @GTWScar: We are blown away by the incredible support given to @SOS_Africa on today's stream! You raised over $100,000 towards helping p‚Ä¶",PuppetEliza,,,2021-05-01 23:59:59,
72,1388644399937171457,RT @realTuckFrumper: 'Jim Acosta for the win': CNN anchor praised for calling out Fox News as a BS factory https://t.co/wq6BukzFYQ,Nes1068,,,2021-05-01 23:59:59,
73,1388644399937069058,"RT @SinghPramod2784: Screenshots of 2 separate tweets is enough to suggest, certain people are playing a dirty game to malign the country ü§î‚Ä¶",yogidut,,,2021-05-01 23:59:59,
74,1388644399936987140,"@CoastalElite28 ... so, Gavin Newsom is facing a recall effort &amp; DeathSantis is contemplating a run for the Oval Of‚Ä¶ https://t.co/3FCfUrc3PE",country_ca,,,2021-05-01 23:59:59,
75,1388644399911997443,"RT @360_trader: I‚Äôd rather die a couple years early having known the taste of a juicy quarter pounder

Then to live 2 years longer with a s‚Ä¶",BarretXRP,,,2021-05-01 23:59:59,
76,1388644399899414533,"RT @JosianaZs: The Brazilian people send a message to the world!
We support the President of Brazil üáßüá∑.
The Brazilian is supporting Jair Bo‚Ä¶",jcoreixas,,,2021-05-01 23:59:59,
77,1388644399823818752,"RT @TopDownHockey: Don Sweeney deserves some serious consideration for GM of the year.

He paid a low price to acquire 3 excellent, under-v‚Ä¶",CityOfChamps14,,,2021-05-01 23:59:59,
78,1388644399815434242,"May 1, 1958
#Cubs, Johnny Goryl hits a one-out ninth inning walk-off home run as Cubs defeat the Milwaukee Braves at Wrigley Field, 3-2.",MF6543,,,2021-05-01 23:59:59,Cubs
79,1388644399668768771,"RT @EmekaGift: Wow!, #BiafraNationNow is trending, keep pushing comrades, We shall make history tonight, we are talking to the world.  #Bia‚Ä¶",rebecca82077258,,,2021-05-01 23:59:59,BiafraNationNow
80,1388644399618437123,Lady @TheAJMendez - The #PhenomenalBlackWidow is that #Phenomenal @WWE Woman #Superstar who everyone looks up to be‚Ä¶ https://t.co/1vV45cxvLM,TravisJonesWWE,,,2021-05-01 23:59:59,PhenomenalBlackWidow
81,1388644399551336450,RT @kwonhoshi_hosh: You know a song is literally a masterpiece and one of the most powerful and beautiful song to be ever created in the wh‚Ä¶,yslshua,,,2021-05-01 23:59:59,
82,1388644399484129294,RT @AlexBall12: This was by far one of the coolest experience of my life! Love working for @Genesys and seeing our brand showcased at such‚Ä¶,TXMotorSpeedway,,,2021-05-01 23:59:59,
83,1388644399454773249,RT @lolobe4_: Are you ready to have some naughty fun?? If you spoil me with a sexy gift from my wishlist I‚Äôll make you a hot thank you vide‚Ä¶,dmanning281,,,2021-05-01 23:59:59,
84,1388644399370932224,Bulls done for the play-in tournament. Better hope they get a Top 4 pick‚Ä¶ https://t.co/dR6CIK26q3,_Bones,,,2021-05-01 23:59:59,
85,1388644399349788674,RT @MJA_Editor: A travel ban for Australian citizens from India will come into effect with criminal sanctions. I read this was based on ‚Äúex‚Ä¶,Scully_tom,,,2021-05-01 23:59:59,
86,1388644399328989192,RT @travisakers: Imagine having such a dark soul that you try to spin the President picking a flower for his wife into a negative ‚Äúnews‚Äù st‚Ä¶,just_jodi6267,,,2021-05-01 23:59:59,
87,1388644399295340546,RT @morethanmySLE: My heart breaks for you my friend. I am so sorry from the bottom of my heart there are no condolences that can take away‚Ä¶,LaundryPrncss,,,2021-05-01 23:59:59,
88,1388644399278559235,"RT @RKJ65: The total compensation for the CEO of Chipotle was about $38,000,000 in 2020. That boils down to $19,000 an hour. That would pay‚Ä¶",pmknqwn,,,2021-05-01 23:59:59,
89,1388644399249305601,"@OrangeJuiceTN It already has a currency. Plus, there's no reason it can't join the EU and rely on the common market",NeoLibCatboyCom,,,2021-05-01 23:59:59,
90,1388644399232528385,"RT @hartng: One thing about the elite, they network a lot. Mostly among themselves. They're constantly on the phone. Talking to themselves.‚Ä¶",PrometheusNaija,,,2021-05-01 23:59:59,
91,1388644399211589635,"RT @tsuaii: For anyone interested in having physical prints of my artwork, I've just opened a shop on INPRNT! ‚ú®
üî∏ https://t.co/jAHgTrqbp3‚Ä¶",TringyTheMudkip,,,2021-05-01 23:59:59,
92,1388644399194644484,RT @EpsteinNetwork: @RealGhislaine ü§£üòÇüòÖ Just get her to name names already and release the videos of the nasty old ass pedos she's been coll‚Ä¶,JoyCannabis,,,2021-05-01 23:59:59,
93,1388644399169429510,RT @nelsonlflores: People will be like ‚Äúrace is a social construction but that category is definitely an ethnicity and not a race because i‚Ä¶,VOnodera,,,2021-05-01 23:59:59,
94,1388644399161044995,@OlaVaittinen @ErrorsUnforced @TheFanChild @tennisabstract She never had a chance to win the grand slam,Williams18Joe,,,2021-05-01 23:59:59,
95,1388644399135879171,"RT @ztsamudzi: Just thinking of the many layers of this woman ‚Äî a black Jew, a survivor of the still unrecognized as genocide by the Zimbab‚Ä¶",redneurons,,,2021-05-01 23:59:59,
96,1388644399119147009,This is the smartest dumb thing I have seen in a while. https://t.co/TwMHcocNMf,LeSapient,,,2021-05-01 23:59:59,
97,1388644399094009859,RT @CoryBMorgan: Safer here at the rodeo than at a Wal Mart or a Costco but guess which one is banned? https://t.co/tGQHAhjhLl,granlund_,,,2021-05-01 23:59:59,
98,1388644399089848327,"RT @sumsumii: listen, when I was younger I was always worried that the princesses from castle crashers wouldn't want to kiss me because I w‚Ä¶",dogboynoah_,,,2021-05-01 23:59:59,
99,1388644399006027782,"When you pose for a memory but you look like THE MASK #jim #carrey #chola #fridays @ Socorro, Texas https://t.co/zOSjDMjLOh",Hustler_915,"Socorro, TX",United States,2021-05-01 23:59:59,jim
100,1388644398980866049,I have a #teslamodel3 Not bc I think it‚Äôs good for the environment. It‚Äôs a great performing car and very convenient‚Ä¶ https://t.co/jmrfYQPuMm,joeyc149,,,2021-05-01 23:59:59,teslamodel3
101,1388644398959788032,@___inCANdescent @smoke_nd_pearlz I can say I'm a person who is mentally unwell and I've never once had the urge to‚Ä¶ https://t.co/eazdFOLNLp,depressed_bruja,,,2021-05-01 23:59:59,
102,1388644398859112448,@CMA_Docs All Physicians or only The Ones your Gestapo Sabre wielding Thugs threatened. You disgusting. This countr‚Ä¶ https://t.co/NBSdjbUixC,MyTime15199983,,,2021-05-01 23:59:59,
103,1388644398817218560,At the end of last year I found myself at the beginning of a journey of telling my story because it matters to me.‚Ä¶ https://t.co/tPaBKfZ2A5,rosejpercy,,,2021-05-01 23:59:59,
104,1388644398796206080,RT @LAVIDAPRADA: i should‚Äôve been born as the child of a celebrity https://t.co/jrFC8c3apx,disGUSTing_31,,,2021-05-01 23:59:59,
105,1388644398792167431,"RT @Kyle_T_Davis: It just turned 12:05am for me so lets do the first #ShamelessSelfpromoSaturday of the day!

Who is up for a pinned retwee‚Ä¶",NSharpAuthor,,,2021-05-01 23:59:59,ShamelessSelfpromoSaturday
106,1388644398657900546,"RT @johnvvariety: It,s gonna rock when every single logo is a play button because our minds have melted to the point where we can only iden‚Ä¶",waveridderr,,,2021-05-01 23:59:59,
107,1388644398641127431,you're a legend I vote #Louies for #BestFanArmy at the #iHeartAwards,bbyrebelz,,,2021-05-01 23:59:59,Louies
108,1388644398632689669,"RT @LabourAreToast: Manchester Labour councillors sanctioned a George Floyd memorial in preference to a memorial for Lee Rigby. 

it's OK t‚Ä¶",markmoore1969,,,2021-05-01 23:59:59,
109,1388644398611660805,"RT @ECMcLaughlin: I have fallen down a hole on the FEC website.

It is fucking astonishing what people are taking off Super PACs, and how m‚Ä¶",Terri2cat,,,2021-05-01 23:59:59,
110,1388644398523723781,"RT @PanickedFoodie: Companies are starting to nix the remote roles.

It's a bad look. A very bad look.

""We can't do it,"" is obviously fals‚Ä¶",AsheEmblem,,,2021-05-01 23:59:59,
111,1388644398464909312,"RT @mattgaetz: The Post Office shouldn‚Äôt have a covert program to spy on Americans.

My colleagues and I have introduced a bill to ban this‚Ä¶",klc4_trump,,,2021-05-01 23:59:59,
112,1388644398288629762,"RT @peachqin: in case blinks, lisa stans, or anyone wants to know, ten in a thai idol from wayv, nct, &amp; superm. he's the main dancer, main‚Ä¶",thitisuda_12,,,2021-05-01 23:59:58,
113,1388644398154592262,RT @pastorlocke: The Biden Administration is a Marxist organization. Pass it on.,MikeFre45479192,,,2021-05-01 23:59:58,
114,1388644398091710465,RT @hermit_hwarang: Shane Nguyen was killed and dismembered this week by two white men who he offered a ride to. This is the gofundme to su‚Ä¶,saleos_exe,,,2021-05-01 23:59:58,
115,1388644398091493379,"RT @adlanhzq__: donning the MCKK stripes üòç

proud to hv a Sultan that takes good care of our school üèõ",akukeadilan_,,,2021-05-01 23:59:58,
116,1388644398062358532,@Crimsix @LunkersTV @SpinnaSpence Is the CPU fan clipping a cable?,BenJNissim,,,2021-05-01 23:59:58,
117,1388644398007668737,"RT @ka1c0re: hi twitter, please don‚Äôt scroll ,, so im a 17 year old trans guy who‚Äôs currently living in a mentally abusive and physically a‚Ä¶",PrettyBrownElf,,,2021-05-01 23:59:58,
118,1388644397932179459,RT @heyitsmeterra: Babe what's wrong? You've barely touched your critically acclaimed MMORPG FINAL FANTASY XIV that has a free trial up to‚Ä¶,honeyyellow_,,,2021-05-01 23:59:58,
119,1388644397928095746,"Today on the Island of Sodor, 
Murdoch‚Äôs new Driver is disturbing his Peace and Quiet! There is A New Friend for Bo‚Ä¶ https://t.co/wFiaMvBoyx",Dappin_trucc,,,2021-05-01 23:59:58,
120,1388644397898739714,When was the last time you saw jazz hands in a public health video? üëê  #publichealth #covid19vaccination #besafe https://t.co/zPTdhRLoC9,jlishawa,,,2021-05-01 23:59:58,publichealth
121,1388644397848219649,"RT @tedcruz: A beautiful day with Heidi at the #KentuckyDerby

In 2017, Caroline (then age 9) had us put $2 on Always Dreaming, and she won‚Ä¶",jannykmak,,,2021-05-01 23:59:58,KentuckyDerby
122,1388644397831663617,"RT @JoeBuscaglia: From the way #Bills GM Brandon Beane just spoke about DE Mario Addison, he is VERY much in the plans for 2021 as both a p‚Ä¶",Wakes3019,,,2021-05-01 23:59:58,Bills
123,1388644397718323200,"RT @Ara__chibi: Behold, the body of a champion~ https://t.co/xvEFRo2PYO",Amalthemir_,,,2021-05-01 23:59:58,
124,1388644397667991553,"RT @lindyli: We still want to know what happened to the 20 million vaccine doses that went missing under Jared Kushner.

Were they sold?

I‚Ä¶",5141quid,,,2021-05-01 23:59:58,
125,1388644397474979841,RT @hermit_hwarang: Shane Nguyen was killed and dismembered this week by two white men who he offered a ride to. This is the gofundme to su‚Ä¶,bantenIeo,,,2021-05-01 23:59:58,
126,1388644397437227008,"RT @flameswallower: trans man at the doctor, cis man at the covid vaccine, nonbinary on the internet, dyke with the gals, fag with the dude‚Ä¶",shoegazehoney,,,2021-05-01 23:59:58,
127,1388644397407997953,"@RomancingNope THIS MADNESS MUST END @austintexasgov 
Move these people off the streets and get them the health / m‚Ä¶ https://t.co/LIGewb6877",BryFi1,,,2021-05-01 23:59:58,
128,1388644397366091777,"RT @marinakoren: Harris will swear in the new NASA administrator, Bill Nelson, a former senator who once flew on the space shuttle, on Mond‚Ä¶",sugglet36,,,2021-05-01 23:59:58,
129,1388644397336596481,RT @AttorneyCrump: They‚Äôve tried to justify their overzealous actions by saying they felt threatened... by the walking stick of a 90pd elde‚Ä¶,michellred,,,2021-05-01 23:59:58,
130,1388644397315624960,"RT @iStellWantU: A'TIN, I hope you always keep in mind and practice continuously the three qualities that Josh would always want our fandom‚Ä¶",PabloNRPicasso,,,2021-05-01 23:59:58,
131,1388644397278011402,@HECKSCAPER I really wish an app like that would exist though. There are so many moments where I pull up Twitter af‚Ä¶ https://t.co/YFhrAemwAi,Conehead_,,,2021-05-01 23:59:58,
132,1388644397240233984,"RT @ProfRobStew: DARK MATTER ISN'T *PARTICLES.*

It's merely an ALTERED STATE of #GRAVITY. üòâüôè

""To make a measurement of THE PHOTON once wi‚Ä¶",Pripprisx,,,2021-05-01 23:59:58,GRAVITY
133,1388644397215064070,"RT @reclaimthefight: Prefacing a lie with ""I don't know who needs to hear this"" does not magically make the lie true. Medicare for All will‚Ä¶",all_the_Mindy,,,2021-05-01 23:59:58,
134,1388644397164732416,"""... Is that payback for all the shit I did in front of them?""

Not that he necessarily minded the little bet in th‚Ä¶ https://t.co/avvrW1ZTK9",SoulStealinApe,,,2021-05-01 23:59:58,
135,1388644397118545923,"RT @SIKEMOONFINANCE: $SIKE is a hybrid community of HODLers and Smart Trade Robots. 
The Sikemoon protocol will enable automate buyback and‚Ä¶",Aniya00128529,,,2021-05-01 23:59:58,
136,1388644397101764614,"RT @SerahUndaunted: During #EndSARS Lekki Protest,there was a guy who always came to me for brooms to join d cleaning,he would always reque‚Ä¶",dharmmy_king,,,2021-05-01 23:59:58,EndSARS
137,1388644397034659840,@meatloafgrrr Me on a ton of prednisone RN eating everything in the house! üëäü§£,Arena_Rome,,,2021-05-01 23:59:58,
138,1388644397005295620,RT @iamfreedom: From the jungle of African. Here comes the prince. I am a lion living in a human body. You will fear what you can‚Äôt conquer‚Ä¶,brownkrypton12,,,2021-05-01 23:59:58,
139,1388644396929748993,me n the girls stepping out sheesh it‚Äôs been a minute üòå,maleriez,,,2021-05-01 23:59:58,
140,1388644396925702146,"I went to @caseysgenstore to order a turkey sandwich, they wanted my phone number. I ate a pre-made cheese burger i‚Ä¶ https://t.co/0Ib4ekatli",peteburtons,,,2021-05-01 23:59:58,
141,1388644396854247424,RT @Ayra58189688: Gosh!!! He just looked at her without taking his eyes off even when she gave direct eye contact for the lyricsüòçüòç. Ashwine‚Ä¶,ShazfaShaz,,,2021-05-01 23:59:58,
142,1388644396816535554,"I made this Kihyun drawing because i‚Äôm really excited with the new comeback üêπ‚ù§Ô∏è

@OfficialMonstaX
#Î™¨Ïä§ÌÉÄÏóëÏä§
#MONSTAX‚Ä¶ https://t.co/Gpl60do8AG",yookimap2211,,,2021-05-01 23:59:58,Î™¨Ïä§ÌÉÄÏóëÏä§
143,1388644396808105984,Hey Everyone!!! Rachel Wilson @RachelW88093475 is a new member of the #WritingCommunity!!! She needs 30 follower fr‚Ä¶ https://t.co/6lOssCk5gB,dkwestfall1,,,2021-05-01 23:59:58,WritingCommunity
144,1388644396749529091,"RT @AndyGraham22: @nascarfan170 @DLand91 maybe it's more of a NASCAR thing where racing with this reconfiguration has been bad, but IndyCar‚Ä¶",DGIveyNASCARFan,,,2021-05-01 23:59:58,
145,1388644396749492225,"RT @bcuchargers: Jacob Wesselmann is a ùê¨ùê≠ùê´ùê¢ùê§ùêûùê®ùêÆùê≠ ùê¶ùêöùêúùê°ùê¢ùêßùêû üî• 

The Charger ace has struck out 9Ô∏è‚É£2Ô∏è‚É£ batters this year and is the owner of @C‚Ä¶",DPrinceForShur,,,2021-05-01 23:59:58,
146,1388644396745195526,"RT @AJaulas: #Mexico
Louis Arag√≥n: ‚ÄúHow long it is,to die for a lifetime!‚Äù
Ely just breathes &amp; eats, Is that living?
Would those who hold E‚Ä¶",Oscar992288,,,2021-05-01 23:59:58,Mexico
147,1388644396690821120,@BluItaliano1878 Need big Abi back. James was a blow today as he has been showing his class of late and possibly co‚Ä¶ https://t.co/HyeoFBCwzB,CbChamp83,,,2021-05-01 23:59:58,
148,1388644396652929027,RT @tsengputterman: Imperialist countries donating pandemic supplies to Global South epicenters while refusing to end their pharmaceuticals‚Ä¶,unoriginalrikki,,,2021-05-01 23:59:58,
149,1388644396581543938,"RT @BFeatherSD: Per @CALFIRESANDIEGO: #SouthernFire is 40 Acres, with a critical Rate of Spread. Burning to the NW from Agua Caliente area.‚Ä¶",rabbi_d,,,2021-05-01 23:59:58,SouthernFire
150,1388644396481060865,"RT @dominiquetaegon: Nominate - Pride of Britain Awards

Please nominate Folajimi Olubunmi-Adewole, the young man known as ‚ÄòJimi‚Äô who died‚Ä¶",MikeyDeeGB,,,2021-05-01 23:59:58,
151,1388644396443254787,RT @BillKristol: The attack on Liz Cheney does not have to do with any policy disagreement. It's based on failure to genuflect at the altar‚Ä¶,BreakingNewzman,,,2021-05-01 23:59:58,
152,1388644396430725126,"RT @LeeCamp: Biden just spit in the face of International Workers Day (May 1st) by declaring it Loyalty Day.

Loyalty to what?
A flag?
A ma‚Ä¶",aMadEscape,,,2021-05-01 23:59:58,
153,1388644396346880002,My view of the stretch drive of the Kentucky Derby. Bob Baffert still talking to the media and still seems like he'‚Ä¶ https://t.co/ZrNWyvxF08,jdemling,,,2021-05-01 23:59:58,
154,1388644396292210690,"RT @HryTweet_: National Vice-President of the Indian Medical Association calls Modi a super-spreader

#ExitModi
 https://t.co/AvIhKoGEfR",jarjees39360718,,,2021-05-01 23:59:58,ExitModi
155,1388644396195778564,@Thunder1x_ bro thunder is literally like one of my best friends in this comm + is one of the biggest grinders i kn‚Ä¶ https://t.co/7zQECraRGq,janklul,,,2021-05-01 23:59:58,
156,1388644396187361282,"RT @chaewonderer: remember the time when wonyoung was given beer because they didn't know wonyoung was a minor, her reaction is so cute ü•∫‚Ä¶",Fanboyengene,,,2021-05-01 23:59:58,
157,1388644396069965829,Massive ego massage moment!! Reading a great book by my mate and mentor @Jamerine (essential reading for anyone ser‚Ä¶ https://t.co/LD2yeV2ZK0,permjotvalia,,,2021-05-01 23:59:58,
158,1388644396048990214,RT @DoctorYasmin: Ivy League colleges apologize for ‚Äòserious error‚Äô in using bones of a Black child killed in a racist bombing. Neither Pri‚Ä¶,Queen_VDub,,,2021-05-01 23:59:58,
159,1388644396040609793,RT @foreverimbetter: Every diet/lifestyle change has a ‚Äúclean‚Äù and ‚Äúdirty‚Äù version. You can find so much crap with the vegan or plant based‚Ä¶,1_blk_beauty,,,2021-05-01 23:59:58,
160,1388644396036464640,@mattcantstop @justinkan I know what I would like to do. I am 61 and wish to accomplish it before I am too old. Pro‚Ä¶ https://t.co/jGEszStVOv,gailleep,,,2021-05-01 23:59:58,
161,1388644395973595138,RT @hopexha17: Guy on the train has brought a massive like 50 inch TV to watch South Park on?? https://t.co/J8ZeFJJTzJ,HoodPope94,,,2021-05-01 23:59:58,
162,1388644395948421123,"RT @HibernianWS: June 2019 vs March 2021 comparison of #AstralAscent, we are a small team but we are doing our very best to make the best p‚Ä¶",Arkyllon,,,2021-05-01 23:59:58,AstralAscent
163,1388644395906392065,"RT @FOCities: We're a movement of leaders, nonprofit organizations, businesses &amp; corporations, artists, activists, technologists, investors‚Ä¶",Ommmniverse1,,,2021-05-01 23:59:58,
164,1388644395864498176,"@BlueFolf Confuror, because is the only one near me *cries a lot*",AlexAwooo1,,,2021-05-01 23:59:58,
165,1388644395843530754,That‚Äôs a pass maybe 1-2 other guys in the world can make üò≥ https://t.co/IRzcS5Sr6h,nkuchibhotla,,,2021-05-01 23:59:58,
166,1388644395788881920,@raptorlsm Primal is a fun game!! Dont get me wrong i love the scaled raptors but something so cute with fluffy death birbs xD,CryptidInkz,,,2021-05-01 23:59:58,
167,1388644395776462849,"I am sure there have been others, but they CONCENTRATED ON THE MISSION, while NOT POSING for PURELY PROPAGANDIST re‚Ä¶ https://t.co/RZLa7td59T",mlsstocks,,,2021-05-01 23:59:58,
168,1388644395759673346,"RT @MJHtv23: I don't know how they do it, but every time Phil Lord and Chris Miller produce an animated movie, they always find a way to ma‚Ä¶",strawberi_milk,,,2021-05-01 23:59:58,
169,1388644395721842690,RT @eliza_morey: I want to write a book just so I can put this picture on the little flap in the back https://t.co/WwUVD35KI6,daicmerollin,,,2021-05-01 23:59:58,
170,1388644395696545795,"RT @alfgunvald: Modi presided over murder in Gujarat in 2002.

Twenty years later he‚Äôs doing the same thing at a national scale.",0raEtLab0ra,,,2021-05-01 23:59:58,
171,1388644395575128072,RT @VH1PNUT___: DATING A GIRL WITH MONEY IS SCARY CAUSE SHE BE TREATING YOU LIKE THE WOMAN.... TAKING YOU OUT TO EAT AND BUYING YOU SHOES.‚Ä¶,soccerdadnick_,,,2021-05-01 23:59:58,
172,1388644395553984512,"RT @MOS_MEA: Delighted to inaugurate Workshop on Quad in the Indo-Pacific organised by @TheINFutures.

India is committed to working with i‚Ä¶",us_core,,,2021-05-01 23:59:58,
173,1388644395524706310,"RT @isadragonrider: Do I want everyone to be dragged in the media and hung in the court of public opinion before their day in court? No, I‚Ä¶",Bigboii0111998,,,2021-05-01 23:59:58,
174,1388644395487006720,One of the most professional hard working teammates I ever met heads ups y‚Äôall got a good one @Eagles @TheJhamonAusbon,WakeEmUp9,,,2021-05-01 23:59:58,
175,1388644395260563457,the funniest thing about caitlyn jenner is her lips were horribly done and she also is a piece of shit who i hate w‚Ä¶ https://t.co/waNE4PiCB2,girljoys_,,,2021-05-01 23:59:58,
176,1388644395247882247,RT @Iam_Afrodisiac: It just kind of irritates me that all these businesses and people are acting like we are over the pandemic and like cov‚Ä¶,riverrrunt,,,2021-05-01 23:59:58,
177,1388644395168280577,"RT @MysterySolvent: Joe Biden took an Amtrak train home one evening just to blow the candles out on a birthday cake his daughter made him,‚Ä¶",MaryNesham,,,2021-05-01 23:59:58,
178,1388644395126194178,RT @MoiraAunty: I've been meaning to draw a Chocolate themed Rouge for the longest time. Finally got around to it today! I personally think‚Ä¶,flakytartart,,,2021-05-01 23:59:58,
179,1388644395084173315,"@IsabelOakeshott @ayeshahazarika @IsabelOakeshott surely, as a died-in-the-wool Thatcherite, your mantra should be‚Ä¶ https://t.co/qFUFSuET4w",Dave_r_cox,,,2021-05-01 23:59:58,
180,1388644395080167424,RT @FabrizioRomano: Borussia Dortmund director Zorc to ARD: ‚ÄúWe already had a gentlemen's agreement with Jadon Sancho since last year that‚Ä¶,Thenextinline1,,,2021-05-01 23:59:58,
181,1388644395033968640,RT @ne0liberal: The lack of taco trucks driving around your neighborhood IS a policy choice,HOUNeoliberal,,,2021-05-01 23:59:58,
182,1388644395021385729,@WipeTwiceVideoS @ianmoranIM @Jeff_McLane Foles was not a Howie pick and they sent him away. As each year passes it‚Ä¶ https://t.co/vd5Bxvc8Au,Matt39469968,,,2021-05-01 23:59:58,
183,1388644394962665473,"RT @KwikWarren: If Washington DC had the same racial makeup as let‚Äôs say Vermont, Maine or Idaho it would‚Äôve already been a state a long go‚Ä¶",tom___peterson,,,2021-05-01 23:59:58,
184,1388644394941796352,"RT @jmalvpal: David Bowie was a genius. 

Listen to David Bowie speaking to Jeremy Paxman in 1999 (only 6 years after the worldwide web lau‚Ä¶",TWeijst,,,2021-05-01 23:59:58,
185,1388644394878840833,"RT @RoyalFamily: Wishing Princess Charlotte a very happy sixth birthday today. üéà 

üì∏ The Duchess of Cambridge https://t.co/tBPXrv2CJT",JenanJamal,,,2021-05-01 23:59:58,
186,1388644394862104580,"@albertoruano8 @VPrasadMDMPH In Spain,I think we haven't got enough logistcs to organize such screening.Have we got‚Ä¶ https://t.co/U9t2qkoP4Q",patxiqueipo,,,2021-05-01 23:59:58,
187,1388644394828550145,@BastianTheWolf It was clear that Maddy had gone a little bit out of the other's comfort zone. He wasn't surprised‚Ä¶ https://t.co/O5wOzmvF7P,LudicAbience,,,2021-05-01 23:59:58,
188,1388644394656419842,RT @MENSNONNOJP: The 5th in our popular series NCT 127 ON THE STREET is here! In connection with a phrase in Kick It from their album LOVEH‚Ä¶,saran_h_e,,,2021-05-01 23:59:58,
189,1388644394601959429,A comprehensive tutorial on how to create the most effective comparison pages to attract your competitor‚Äôs customer‚Ä¶ https://t.co/gQpDHvXnc1,pallavkaushish,,,2021-05-01 23:59:58,
190,1388644394593566722,"RT @nytopinion: ""A young woman sat weeping into the elbow of her protective suit,"" writes @Amannama from New Delhi. ""'My parents are waitin‚Ä¶",monnallisae,,,2021-05-01 23:59:58,
191,1388644394593505280,"RT @vijayanpinarayi: Over the last 1 year, our healthcare workers have been toiling. Now they care for close to 5L people a day. With the m‚Ä¶",prahladnb,,,2021-05-01 23:59:58,
192,1388644394501382145,RT @hermit_hwarang: Shane Nguyen was killed and dismembered this week by two white men who he offered a ride to. This is the gofundme to su‚Ä¶,maple_maps,,,2021-05-01 23:59:58,
193,1388644394467745798,@ChampionsLeague @ChelseaFC @nglkante Couple of months ago I came across a recommendation about @marksust6 wealth h‚Ä¶ https://t.co/JR7lwdGClE,ike2820,,,2021-05-01 23:59:58,
194,1388644394429988872,"RT @APompliano: Charlie Munger on bitcoin today:

‚ÄúI should say modestly that I think whole damn development is disgusting and contrary to‚Ä¶",bj21QB,,,2021-05-01 23:59:58,
195,1388644394325086211,"@alliejayne_ Rules without enforcement aren‚Äôt going to be followed. 

Like a parent at the store, counting down fro‚Ä¶ https://t.co/X8FolN6zdA",JustinHubert,,,2021-05-01 23:59:58,
196,1388644394316668932,"@TheAnswerJC never had a title on the line
just an opportunity none of us realized

then you know. not booked for t‚Ä¶ https://t.co/6FsnGl0GBm",MRavenK1,,,2021-05-01 23:59:58,
197,1388644394241339396,"RT @tadethompson: I don't get the problem with vaccine passports. 
You carry a drivers license to prove a. who you are and b. that you've b‚Ä¶",Carolin96366772,,,2021-05-01 23:59:58,
198,1388644394190913537,@Gormogons @Wiswall13 We need a word for the combination of relief &amp; satisfaction you feel getting your yard done r‚Ä¶ https://t.co/mP1YjbAl4P,SurfaceDog,,,2021-05-01 23:59:57,
199,1388644394157314048,"RT @daneiz1819: I realized how much @SB19Official deserves the Top Social Artist award. 

It's not just about the number of fans or the kai‚Ä¶",SB19Bambi,,,2021-05-01 23:59:57,
200,1388644394140520453,RT @cjwerleman: An Israeli soldier pressing his knee on the neck of a Palestinian man while arresting him during a peaceful protest in Shie‚Ä¶,DrMohammedJNU,,,2021-05-01 23:59:57,
201,1388644394119614467,@thereal_truther You've established 1 data point. You're a genius! Now show me the data that the same holds true fo‚Ä¶ https://t.co/smUCHvwBpp,SonnyCrockett04,,,2021-05-01 23:59:57,
202,1388644394106986497,Apparently Microsoft will let you cancel their game pass subscription and get a refund after literally a month of y‚Ä¶ https://t.co/Ymv6ka25Cu,EverythingFNG,,,2021-05-01 23:59:57,
203,1388644394090340352,"I couldn‚Äôt find Molly for a few minutes ‚Äî until I thought to check the book shelves, where she was using a stack of‚Ä¶ https://t.co/65Gw7argfW",David_McElroy,,,2021-05-01 23:59:57,
204,1388644394090250243,"RT @RoyalFamily: Wishing Princess Charlotte a very happy sixth birthday today. üéà 

üì∏ The Duchess of Cambridge https://t.co/tBPXrv2CJT",i_annai,,,2021-05-01 23:59:57,
205,1388644394069266437,"RT @cpeedell: As a Teeside &amp; Middlesbrough cancer specialist, it‚Äôs galling &amp; tough to see high levels of support for the Tories up here. Th‚Ä¶",M0kujin,,,2021-05-01 23:59:57,
206,1388644393956085761,@supersane7 @SarahLynnRober2 @RealRyanWhorton @tonygoldmark *Says the Neo Nazi Troll who is in fact a dipshit,CliffordBattea1,,,2021-05-01 23:59:57,
207,1388644393876262912,RT @dearatorres: Messi is a 6 times Balon D‚ÄôOr winner and his career is still one of the most saddest stories in sport history.,MFO______,,,2021-05-01 23:59:57,
208,1388644393830264832,@FFlails Hi friends! üíú We're an Irish podcast whose heroes are looking for love in a world filled with monsters &amp; h‚Ä¶ https://t.co/kmDAy9Nofx,D8Dungeon,,,2021-05-01 23:59:57,
209,1388644393716830211,"RT @chittukuruvi4: Whenever I see or hear @sumanthraman am reminded of the quote, ""It is better to be thought of as a fool than open your m‚Ä¶",AdvocatesMsr,,,2021-05-01 23:59:57,
210,1388644393696079876,"RT @krystttaaa: ‚ÄúI trust the next chapter in life because I know the author‚Äù
I did it‚ÄºÔ∏èüçæ
I am proud to announce that I will be graduating f‚Ä¶",ShakiaShakiaaa,,,2021-05-01 23:59:57,
211,1388644393645715461,"RT @KWardTV: There's a lot to digest from the Ontario's LTC COVID-19 commission report, but if there is one page I strongly recommend you r‚Ä¶",Trimbonita,,,2021-05-01 23:59:57,
212,1388644393645604866,"@wingedlioness I am so sad when big trees like this go down, they are so beautiful. üò≠ It looks like our little mapl‚Ä¶ https://t.co/FUznnlUiDE",PlayKatiePlay,,,2021-05-01 23:59:57,
213,1388644393616175104,"RT @aegyodobby: when op asked who's junghwan's favorite hyung among the members, junghwan said though he love them all he likes Doyoung. Wh‚Ä¶",mikonygc,,,2021-05-01 23:59:57,
214,1388644393574273024,@PettiTree Luke Sanders lost a fight today on the pre pre pre show and he was only a replacement,longliveswift16,,,2021-05-01 23:59:57,
215,1388644393540673543,"RT @stanworld_twt: A'TIN, under this thread you will find the submissions for your Subway Station ADs, the ones with the most RTs will be s‚Ä¶",hugotSB19,,,2021-05-01 23:59:57,
216,1388644393393868802,RT @BennyTheAsian: lol y'all think NA or EU has a chance at LAN when this the shit KR will be doing üíÄüíÄüíÄüíÄ https://t.co/7iTOzfvybq,polrrz,,,2021-05-01 23:59:57,
217,1388644393385566211,"RT @clever_corvids: at nearly every level, you get all the rewards that come under it too! so at $50, you get: a free t-shirt, Life in the‚Ä¶",DragonGirlJosie,,,2021-05-01 23:59:57,
218,1388644393364574209,"RT @IUteamstarcandy: Reply: What books have you been reading?
IU: I‚Äôm currently reading the 4 part Neopolitan series! (By Elena Ferrante

-‚Ä¶",jieunahcat,,,2021-05-01 23:59:57,
219,1388644393339457538,RT @ScottDavert: A Review of the Brailliant BI 40X: https://t.co/sebFMDI6cC,KC8PNL,,,2021-05-01 23:59:57,
220,1388644393318436864,"Went to the new Dutch Growers today, with Sarah. I almost bought all the cacti. Let me tell you... If I find one th‚Ä¶ https://t.co/gELHNPmLJE",ChronoFigaro,,,2021-05-01 23:59:57,
221,1388644393301598211,"RT @RianeEisler: To foster greater partnership with ourselves, we developed a simple tool. 
The 7 practices are meant to be revisited over‚Ä¶",Novasutras,,,2021-05-01 23:59:57,
222,1388644393297629184,@DriftyBot you and me would make a perfect swing if we had the matierials,TheSkyeFNRPBot,,,2021-05-01 23:59:57,
223,1388644393238745089,RT @LyndaFrench19: A company owned by #Queensland MP Bob Katter‚Äôs relatives was awarded a $12 million grant by the Industry Department in t‚Ä¶,Cookie0025,,,2021-05-01 23:59:57,Queensland
224,1388644393200939008,RT @NCTsmtown_DREAM: NCT DREAM The 1st Album ‚ÄòÎßõ (Hot Sauce)‚Äô release celebration NAVER V LIVE 'NCT DREAM's Hot Sauce Restaurant' to be aire‚Ä¶,diaryjjh,,,2021-05-01 23:59:57,
225,1388644393133907971,"@pmdscully @adyckovsky @ProductHunt The labs we work with now use R more often than Python, and we‚Äôll have material‚Ä¶ https://t.co/23ecyK2Vfx",startyourlab,,,2021-05-01 23:59:57,
226,1388644393100320768,"RT @quarriane: üî∏ART GIVEAWAYüî∏

To enter:
- Follow
- Retweet &amp; Like this post
- Drop a pic of your character (optional)

Prize: Half-body po‚Ä¶",Tungste27740818,,,2021-05-01 23:59:57,
227,1388644393037484034,"RT @JamesrossrJames: weights up to 2,200 pounds , the leatherback turtle is the largest turtle on the planet. Unlike all other marine turtl‚Ä¶",TCRG2012,,,2021-05-01 23:59:57,
228,1388644393033240578,"RT @DebnathPradipta: Happy #MayDay to all the workers of the world, from Myanmar to Maine. The cause of labor is the hope of the world ‚ù§Ô∏è‚Ä¶",Raju295rajuRaju,,,2021-05-01 23:59:57,MayDay
229,1388644392991293444,"@covie_93 She was shot while committing a crime, as part of a group looking for people to lead to the gallows they‚Ä¶ https://t.co/SNmSlXDm2H",David_DDennison,,,2021-05-01 23:59:57,
230,1388644392991223808,"I went to the track closest to me to go for a jog and saw a police car there, so I got tf outta there. Not trying to deal with this today üò£",theKPexperience,,,2021-05-01 23:59:57,
231,1388644392899072007,"@halsinden Hal... Now there's a blast from the past, almost another lifetime ago when we both knew the same purple‚Ä¶ https://t.co/VIGCVDg4L0",_hotrodthug,,,2021-05-01 23:59:57,
232,1388644392806854657,RT @_SHAD0WS: staying out of the goals discussion bc im not a numbers person but just wanna remind u that in the eventuality that we don‚Äôt‚Ä¶,VANTAEHQ,,,2021-05-01 23:59:57,
233,1388644392798494723,We are very appreciative of Chancellor Guskiewicz‚Äôs remarks on twitter supporting freedom of student press. We hope‚Ä¶ https://t.co/R2cUY4dSH0,CarolinaReview,,,2021-05-01 23:59:57,
234,1388644392794198020,"RT @CeeHaz: @LeKangarooCourt I think you did great, I know they‚Äôre naturally in a fantasy setting but honestly this redesign thing can be a‚Ä¶",brandon_khux,,,2021-05-01 23:59:57,
235,1388644392789966852,"The Doctors TV Show: Worse Than You Can Imagine | Corporate Casket https://t.co/RNhztfQJg1 via @YouTube

Promoting‚Ä¶ https://t.co/qKEPDhSxYg",jhamby,,,2021-05-01 23:59:57,
236,1388644392693600259,RT @dakotawinyan1: I‚Äôve been seeing this argument on TikTok about if you would rather save your baby or spouse from a fire and the amount o‚Ä¶,novocainedeity_,,,2021-05-01 23:59:57,
237,1388644392634888192,RT @bria_tortilla: The life of a celebrity https://t.co/nsdPfoftyZ,kaydeleon731,,,2021-05-01 23:59:57,
238,1388644392622166018,"RT @POTUS: On this National College Signing Day, we celebrate all those students chasing their passions and setting the stage for the futur‚Ä¶",sadieJ18973480,,,2021-05-01 23:59:57,
239,1388644392618057728,"RT @fiannan: Eight years (and too many playthroughs to count) later, I finally got a decent shot of the Citadel party photo where everyone'‚Ä¶",NellaRayne,,,2021-05-01 23:59:57,
240,1388644392613859332,Had a great ride Around Town On A weekend With The Best Ladüòçüòç https://t.co/BtJDoSvlw6,Jasonbrad21,,,2021-05-01 23:59:57,
241,1388644392563613697,@smcroasters A lot excessive unless the rest of the 638 people that live there aren‚Äôt pictured,TimmyPutts,,,2021-05-01 23:59:57,
242,1388644392504893444,"RT @emma_berg__: Ramadan approached, so the Messenger of God said: ‚ÄòThis month has come to you, and in it there is a night that is better t‚Ä¶",hamidtehrani67,,,2021-05-01 23:59:57,
243,1388644392500609028,There‚Äôs a reason why Bron looked like a DPOY against the dubs. He‚Äôs seeing the plays before Bazemore even does https://t.co/nw0WeJsPgH,SL7MB4NDZ,,,2021-05-01 23:59:57,
244,1388644392496504833,"RT @Banana_Beards: My school has 2 Super Smash Bros Clubs:

School of Dentistry Super Smash Bros Club
-For Chad Dentists‚Ñ¢
-Big brain charac‚Ä¶",MrBananaTweets,,,2021-05-01 23:59:57,
245,1388644392467005446,RT @Bonbonmckeegan: My Conversation about Medical #AidinDying in California - Listen to community radio @KVMR  Embracing the Journey with L‚Ä¶,samtrad526,,,2021-05-01 23:59:57,AidinDying
246,1388644392441978886,"‚ÄúWe gone be aiiiii‚Äî‚Äî‚Äî‚Äú

https://t.co/kbLmgvQCBo",The1NOnly_Jmac,,,2021-05-01 23:59:57,
247,1388644392429395970,"RT @jusnier_: This one time I was walking home and I heard kids shouting at each other ""majnun"" I completed it with ""wazdujir""...I go back‚Ä¶",alwahda33,,,2021-05-01 23:59:57,
248,1388644392383168516,RT @LisaVischer: There are reasons why sexual abuse is so prevalent in the Church. One is ‚Äúcurriculum‚Äù (see thread) which has shaped patria‚Ä¶,alexandria_ba,,,2021-05-01 23:59:57,
249,1388644392370532355,"@meengyy Imagine being reckless enough to warrant a song‚Ä¶ couldn‚Äôt relate

This post was made by the Sagittarius gang ‚ôêÔ∏è",__giratina,,,2021-05-01 23:59:57,
250,1388644392366448640,RT @camerouninema: One of those songs you just knew was a HIT the night it came out,SenkuEternal519,,,2021-05-01 23:59:57,
251,1388644392332791816,"RT @SolApeFinance: ‚ùóÔ∏èHELLO SOLANA‚ùóÔ∏è 

Announcing $SOLAPE. A Deflationary protocol built on the $SOL blockchain! No Presale, No Discord ""OG""‚Ä¶",YusrilBaharsyah,,,2021-05-01 23:59:57,
252,1388644392144101376,"RT @RealMattCouch: If this wasn't a big enough scam, The City of Detroit is now offering $50 to people who give folks a ride to a vaccinati‚Ä¶",BPeregoff,,,2021-05-01 23:59:57,
253,1388644392127373314,@J__Willingham I‚Äôm really not a fan of cream soda. It‚Äôs just sugar. To the point that it makes my tummy hurt,yeek_freak,,,2021-05-01 23:59:57,
254,1388644392110641152,"RT @NWSSPC: April was a relatively quiet month for severe weather w/ ~ half the normal severe weather reports, the fewest tornado reports s‚Ä¶",MainelyRob,,,2021-05-01 23:59:57,
255,1388644392089526272,RT @thegavinbrent: ‚ÄúWe have a major Esports event coming up in July to be announced with ONE OF THE LARGEST game publishers in the world‚Äù.‚Ä¶,CryptoDanielson,,,2021-05-01 23:59:57,
256,1388644392039288835,"RT @BjCruickshank: Tonight's Scottish historical question: What symbol did the Jacobites pin to their clothing, especially their bonnets? A‚Ä¶",weenell3,,,2021-05-01 23:59:57,
257,1388644392009875457,@AlanONeill10 @Kevin_Maguire Thanks for the retweet- means a lot.  Don't forget your medication x.,CalomazaMaz,,,2021-05-01 23:59:57,
258,1388644391993192454,RT @Maelstrom_Radio: Join us in an hour for a special Saturday edition of the podcast! @Flattuss @shyntyrr AND @susan_sprinkle will be chat‚Ä¶,Flattuss,,,2021-05-01 23:59:57,
259,1388644391955451909,"RT @B52Malmet: We live in a country where when the losing party is defeated in a record-turn-out election during a pandemic, they change th‚Ä¶",Jennife81876022,,,2021-05-01 23:59:57,
260,1388644391863078913,RT @twdreamie: there's a special place in hell reserved for the people making mcc parody accounts rn,dazhq_,,,2021-05-01 23:59:57,
261,1388644391821185026,We have to prove with our actions that we are the followers of PROPHET MUHAMMAD Ô∑∫.We have to tell the infidels that‚Ä¶ https://t.co/afWAmAGpQn,zafar5502,,,2021-05-01 23:59:57,
262,1388644391796027394,"@Lets_B_Better Done! Regardless of who gets it, this is a BADASS community!!! CARDANO changing the world!",Gonefis15762927,,,2021-05-01 23:59:57,
263,1388644391770857472,"@G_105_ @mickconlan11 Nice to see a scouser backing up a copper. üòÖ

Jonas won three at a push tonight. Very generou‚Ä¶ https://t.co/PYPzfMhcUB",millionpennyai1,,,2021-05-01 23:59:57,
264,1388644391758090245,RT @livies01: No because i want the rose now. I want to stream it coz i know it will be a masterpiece! https://t.co/67VBftnPKe,400liv,,,2021-05-01 23:59:57,
265,1388644391670194181,"RT @latimessports: Meet the racing syndicate made up of five former Brown University football players calling themselves Boat Racing, named‚Ä¶",jeremyclatrella,,,2021-05-01 23:59:57,
266,1388644391619899392,@BrianSlimdog77 @AndrewRChapman @VelvetEven @NarratingFools @smug2bme @omnicronos @JohnKrahn2 @willsworldview‚Ä¶ https://t.co/wiHpUVSKaU,bearschoice2020,,,2021-05-01 23:59:57,
267,1388644391561187328,@apter1wrestling But the other guy will probably only give it a 2* üôÑ,RowdyRobbie13,,,2021-05-01 23:59:57,
268,1388644391527411720,"Don't be shy on four things

https://t.co/Qkc56lCdVH / BF In the absence of
2. On old clothes
3.Poor relationship
4‚Ä¶ https://t.co/WD9a9nO38b",Dancerchandu3,,,2021-05-01 23:59:57,
269,1388644391485546498,"RT @SirJambavan: ""Investigate why we couldn't get a professional ambulance"": for 70 years, people in this country were living like this. An‚Ä¶",Financeprimate,,,2021-05-01 23:59:57,
270,1388644391481454595,@g_diets_ @CureIncome My dog eats twice a day and is happy. Pretty much every animal on the planet eats rarely. Yet‚Ä¶ https://t.co/yWfZK5NOSh,CTMike33,,,2021-05-01 23:59:57,
271,1388644391363874819,@skeeter_jj @ADChandra @PhantasmaSoul1 @zerohedge That‚Äôs absolutely not what‚Äôs happening. The best candidate gets t‚Ä¶ https://t.co/hGGPmNFpuY,brady_trades,,,2021-05-01 23:59:57,
272,1388644391330336777,RT @jamesdcooper4: C‚Äômon Georgia! Get yourself a true patriot into office and oust the bad!,catcall1,,,2021-05-01 23:59:57,
273,1388644391305322499,"Today I visited the grave of Rear Admiral Edward Ellsberg, a specialist in salvage work. He wrote a novel about Ame‚Ä¶ https://t.co/WcERwW00WN",mattnovosad,,,2021-05-01 23:59:57,
274,1388644391301025794,"Fat Deion Sanders is so mad about not being drafted.

He is going to make the whole NFL pay for this.

The Browns a‚Ä¶ https://t.co/zs1E4doaHo",NachoDonut,,,2021-05-01 23:59:57,
275,1388644391250800642,RT @goal: Inter will win the Serie A title tomorrow if Atalanta fail to win away at Sassuolo üáÆüáπüèÜ https://t.co/odBDpJiRmS,Joey888_,,,2021-05-01 23:59:57,
276,1388644391103963138,My heart. These two have a very special place in this heart of mine. I love them more than I thought and could ever‚Ä¶ https://t.co/SR2R8g3W4L,RebelPrincess92,,,2021-05-01 23:59:57,
277,1388644391091204098,"RT @djbowe1: How many of you knew right away that the ‚Äòglitch‚Äô was not a glitch, and the ‚Äòpause‚Äô was not just a pause, on November 3, 2020?‚Ä¶",Stellasasha1,,,2021-05-01 23:59:57,
278,1388644390969696260,OMG I THOUGHT THERE WAS A FROG IN THE BATH it was a leaf,kylabirdd,,,2021-05-01 23:59:57,
279,1388644390961393669,9pm Sunday a New Episode of the Beaver Den,ICUR_NVS,,,2021-05-01 23:59:57,
280,1388644390940315649,"RT @AuschwitzMuseum: 2 May 1935 | A French Jewish boy, Andre Benguigui, was born in Oran in Algieria.

He arrived at #Auschwitz on 25 June‚Ä¶",nicola_orritos,,,2021-05-01 23:59:57,Auschwitz
281,1388644390818750464,RT @TeamPelosi: Congressman @AndyKimNJ knows service as a way of life from his Korean American immigrant parents who worked to heal the sic‚Ä¶,YosefaGitel,,,2021-05-01 23:59:57,
282,1388644390814371840,"RT @LeArielleSimone: if you‚Äôre anxious often - try meditation yoga, daily stretching, journaling, and ashwagandha. even if it‚Äôs for 5 mins‚Ä¶",kendenisee,,,2021-05-01 23:59:57,
283,1388644390801874945,"‚ÄúFor me, the most loyal man is Donghae who earnestly sheds tears for the members, really, I think he‚Äôs a loyal man.‚Äù -Kyuhyun",itsaidenlee,,,2021-05-01 23:59:57,
284,1388644390789259264,"RT @InsidersABC: ""How much are we willing to give up to support another country and to support our own overseas?""

WATCH: @isabellahiggins‚Ä¶",TBeaubeau,,,2021-05-01 23:59:57,
285,1388644390785191940,@ttaldridge @Turberville @ManagerTactical @st3vinh0 I hear he will play gker next week. The coach is pretty high on‚Ä¶ https://t.co/J7fQdq2G8p,straight_red,,,2021-05-01 23:59:57,
286,1388644390676176898,#Investing 67.1% in this optimal #crypto portfolio and 32.9% #cash in the past 24 hours would have given you a 6.7%‚Ä¶ https://t.co/3XnpjgWtdW,CryptoWatchBot,,,2021-05-01 23:59:57,Investing
287,1388644390659309570,Theme Music To A Drive By should have stayed as the intro man https://t.co/gQUCVRdh0T,KamariEsson,,,2021-05-01 23:59:57,
288,1388644390638432258,"Fo' sho', everything's for dough now
I flow, y'all gotta pay a little mo' now
It's platinum, nowadays we put the go‚Ä¶ https://t.co/U1iCeuSlZt",RicoMuszik,,,2021-05-01 23:59:57,
289,1388644390613053443,RT @YuvrajS33425145: if the new NMC draft get passed i'm not going to vote in next election and will leave India for rest of my life and se‚Ä¶,Dineshk27504774,,,2021-05-01 23:59:57,
290,1388644390583902213,RT @Offparoletx: Your weekly break from reality ~ had to get iamyu (jordan Edwards) back for round two in that 10-12 slot and then we have‚Ä¶,geroperro,,,2021-05-01 23:59:57,
291,1388644390567137290,RT @Blackkout__: The fact that Soulja boy had a viral song/dance in 2021 almost 15 years after Crank Dat is impressive as hell.,bxrbiebeatdown,,,2021-05-01 23:59:57,
292,1388644390483202049,RT @thomaskaine5: Mitch McConnell and other Senate Republicans demand the Biden administration keep slave owners abuses of their slaves a s‚Ä¶,raventerp100,,,2021-05-01 23:59:57,
293,1388644390437072899,"RT @WhenWeAllVote: Today is #ElectionDay in CO, UT, and OK! 

Return your #VoteByMail or absentee ballots before your state‚Äôs deadline or h‚Ä¶",DorisMoonlight,,,2021-05-01 23:59:57,ElectionDay
294,1388644390436966400,"RT @GHMansfield: Neighbor to me, a wheelchair user:‚ÄùI don‚Äôt like the word disabled. It‚Äôs too negative. 
What do you call yourself?‚Äù
Me:‚ÄùDis‚Ä¶",rogue3,,,2021-05-01 23:59:57,
295,1388644390432698370,@ClintVSmith Their own review into their bombed campaign did seem to come to some reasonable albeit obvious conclus‚Ä¶ https://t.co/eL6FlNcw0Q,AllinThorne,,,2021-05-01 23:59:57,
296,1388644390386638851,"RT @zostraphouse: I cut off 7+ yr friends, ended a 2+ yr relationship with the only mf that truly knew me, &amp; it‚Äôs family I don‚Äôt even talk‚Ä¶",jordanalywardd,,,2021-05-01 23:59:57,
297,1388644390357323776,This is zoomed all the way from across the street so the quality is terrible but I saw this absolute chonk on my wa‚Ä¶ https://t.co/7bFOM0lZUW,CatsEatCake,,,2021-05-01 23:59:57,
298,1388644390357319680,"To be a champion, I think you have to see the big picture. It‚Äôs not about winning and losing; it‚Äôs about every day‚Ä¶ https://t.co/7LH9V0VU1V",MaulidSadick,"Dar es Salaam, Tanzania",Tanzania,2021-05-01 23:59:57,
299,1388644390290087937,"Hi!
My name is Chanel &amp; I‚Äôm staying my own lash company called ‚ÄúLynnox Lashes‚Äù these are a few of my styles but I‚Äôd‚Ä¶ https://t.co/HJAwJIydgG",iamchanel_a,,,2021-05-01 23:59:57,
300,1388644390281826305,RT @Wakemanofficial: In support of my amazing wife @terri_wakeman_  who has been recently diagnosed with a rare form of blood cancer. Think‚Ä¶,KarenBr5662,,,2021-05-01 23:59:57,
301,1388644390252552193,"RT @FieldYates: On Thursday, Urban Meyer said on the ESPN Draft broadcast that a player was taken before their selection at 25 that ""broke‚Ä¶",goatjaaaaames,,,2021-05-01 23:59:57,
302,1388644390239973376,"RT @cshaw12897514: My beautiful wife, third from the right with the long hair. 
She's very involved in tons of things, and makes friends wh‚Ä¶",cshaw12897514,,,2021-05-01 23:59:57,
303,1388644390177054721,@BorgenvikSashka Omg I haven't even got a notification for this!!! Your the sweetest!! Me and rossi are lucky to ha‚Ä¶ https://t.co/z9WuNboT7H,lacecollier,,,2021-05-01 23:59:57,
304,1388644390105722887,RT @PlutoVor: They would never call Joe Biden a racist. Because he is one. That is the mind freak that they use. They put a racist to core‚Ä¶,5mutmeg,,,2021-05-01 23:59:57,
305,1388644389975691266,"Ok world
don‚Äôt you think this world and conversation has gotten  too complicated   I was terrified once I would off‚Ä¶ https://t.co/4anZrw8KND",JanieEv21557610,,,2021-05-01 23:59:56,
306,1388644389749202947,#MayDay #MayDay there is a #Coup in the @WhiteHouse #CCP has installed a criminal imposter https://t.co/PkuMxctr07,deplorableYaYa,,,2021-05-01 23:59:56,MayDay
307,1388644389740756994,Exactly what is happening now. People have been duped by the media into allowing it because of a disease and the De‚Ä¶ https://t.co/y3pHkAthSj,gcanderson57,,,2021-05-01 23:59:56,
308,1388644389694623749,For The amount of times I hear ‚Äú you‚Äôre such a bitch ‚Äù I would probably be rich by now,dannyzapien1,,,2021-05-01 23:59:56,
309,1388644389585657860,RT @KFosterStomberg: The underside of the Washington St bridge has taken a strong anti-NFT stance https://t.co/NsRjpllXg3,biancacoira,,,2021-05-01 23:59:56,
310,1388644389564547075,Technically the letter t can be looked at as a t. (Lsat prep stuff),Keltonsorenson5,,,2021-05-01 23:59:56,
311,1388644389514211328,RT @DineshDSouza: Fantastic to see this left-wing professor put on leave for haranguing a student with misinformation about the origins of‚Ä¶,MichaelRiz,,,2021-05-01 23:59:56,
312,1388644389371715589,"RT @cagrown5: Chaos is coming. 
The left will come unglued when proof Biden did NOT win AZ is a FACT. Then other swing states will follow.‚Ä¶",picklesoi812,,,2021-05-01 23:59:56,
313,1388644389338042370,"RT @RitaPanahi: ‚ÄúYou don‚Äôt have to be a white supremacist, you can be better.‚Äù 

Powerful message to the race-baiting Left who engage in th‚Ä¶",jamerpalms,,,2021-05-01 23:59:56,
314,1388644389304496135,RT @WildHeartEsport: We start of the season with a clean 3-0! GG's to @Chilly_Mountain as we look towards our match next week against @GGSi‚Ä¶,GOONGGWP,,,2021-05-01 23:59:56,
315,1388644389283581953,"RT @PurpleDogecoin: üî•GIVEAWAYüî•

I will send 100 #dogecoin to one random person who will:

- LIKE this post
- RETWEET this post
- FOLLOW my‚Ä¶",henryy1214,,,2021-05-01 23:59:56,dogecoin
316,1388644389174464514,RT @jungkookworm: the way this fandom refuses to let go of hyyh era... a lot of you long for a youth you never had and it shows,kkyumornin,,,2021-05-01 23:59:56,
317,1388644389141028865,Can't find the strength or energy to put a game on. So I'm going to make myself laugh with 2 bad but very hilarious‚Ä¶ https://t.co/7ZBiTHTafU,AlpineJennifer,,,2021-05-01 23:59:56,
318,1388644389057187846,@LowLife_Mack Damn. I‚Äôm a go to The mall at 730/800 ass person.,imEDF,,,2021-05-01 23:59:56,
319,1388644389057089538,"@J_Pickup6 Yeah no I understand üòû, also some other questions, no Zion? I don‚Äôt think bam gonna moved to a 4, and ar‚Ä¶ https://t.co/UxeqUTkFqH",Ashcoolyo,,,2021-05-01 23:59:56,
320,1388644389015097348,"RT @theseoulstory: Happy birthday to the all-rounder BTOB Yook Sungjae! üéÇüéâ

Hope you are doing well in the army. Take care of your health a‚Ä¶",dochiee26,,,2021-05-01 23:59:56,
321,1388644389006815235,"RT @dailywesper: she‚Äôs an icon, she‚Äôs a legend, and she IS the moment. https://t.co/yhR3Y6jjIR",WeMeetinParis,,,2021-05-01 23:59:56,
322,1388644388918611969,@PreetBharara @JoyceWhiteVance Betcha an simple inquiry would reveal a story behind the dandelion picking. Maybe he‚Ä¶ https://t.co/pgJ82LweOi,GLeeRoberts1,,,2021-05-01 23:59:56,
323,1388644388880912384,"Two pandemics: as we ease up, virus sweeps the world‚Äôs poor https://t.co/aeOcYTxXmQ 
the real pandemic is F-E-A-R",lescrooge,,,2021-05-01 23:59:56,
324,1388644388750954499,"RT @TheRealBuzz: Mike was the best of America, someone who instinctively put himself out for others, a lifetime commitment. He felt no miss‚Ä¶",v44n2,,,2021-05-01 23:59:56,
325,1388644388532854786,"@jimearl666 Frankly, there something about the snap of a Maine red hot dog or the taste of a hot dog at Fenway Park in July.",Caoimhin_A,,,2021-05-01 23:59:56,
326,1388644388473958404,RT @ProudSocialist: You work for the newspaper owned by the richest man in the world and you‚Äôre dunking on a podcaster who holds politician‚Ä¶,Fiorella_im,,,2021-05-01 23:59:56,
327,1388644388390248451,RT @Electra: I grew up in cod lobbies and I know how to take trash talk. But there‚Äôs a BIG difference between trash talk and blatant sexism‚Ä¶,hannahb69_,,,2021-05-01 23:59:56,
328,1388644388314750977,"RT @shekinah1313: NC HB558, sponsored by Reps. Larry Pittman &amp; Keith Kidwell, would  prohibit govt mandated COVID üíâs and üíâ passports in NC.‚Ä¶",POSITIVECAT6961,,,2021-05-01 23:59:56,
329,1388644388306305029,"RT @julieaekim: Today is the 1st day of asian american &amp; pacific islander heritage month 

Thinking of all of us who are holding a lot of p‚Ä¶",SusanNavarre,,,2021-05-01 23:59:56,
330,1388644388230688768,RT @ThatsFootballTV: Manchester City are considering the sale of Raheem Sterling in order to facilitate a move for Erling Haaland and Jack‚Ä¶,sentosabahari8,,,2021-05-01 23:59:56,
331,1388644388222480387,"RT @ARMYMAGofficial: While we gear up for @BTS_twt latest comeback:

#BTSARMY can find a beautiful place to get lost in our latest Issue of‚Ä¶",MoreThan7WithU,,,2021-05-01 23:59:56,BTSARMY
332,1388644388176269314,RT @richardhine: Mike Huckabee had a bigger problem with the  Obamas for letting their daughters listen to  Beyonce than he did with Josh D‚Ä¶,tmbrown327,,,2021-05-01 23:59:56,
333,1388644388167901186,RT @zerohedge: Munger: ‚ÄúThe millennial generation is going to have a hell of a time getting rich compared to our generation‚Äù,txwbo864,,,2021-05-01 23:59:56,
334,1388644388096462849,Wolves have 5 current thunderbolts playing for us when they don‚Äôt get a game for the Tbolts which is cool ...yester‚Ä¶ https://t.co/AS9BfZfdGl,SallyGearing,,,2021-05-01 23:59:56,
335,1388644388084068355,"RT @aarthnuuz: AARTH NUUZ (May 01, 2021) It was reported in April 2021 in the EA EARTH media that New York was short 89 votes and thus lost‚Ä¶",HARJGTHEONEDBA,,,2021-05-01 23:59:56,
336,1388644388079734786,RT @pppaannn2: May the joy that you have spread in the past come back to you on this day. Wishing you a very happy birthday.üéÇ‚ù§Ô∏è #CherprangB‚Ä¶,2Chertoon,,,2021-05-01 23:59:56,
337,1388644388037931012,"RT @Nue_Nancy: Q : If you can work with anyone , who would you like to collab with 

Mew : Anyone? , Can true help contact IU(?) 
I'm a fan‚Ä¶",Isabella_t33,,,2021-05-01 23:59:56,
338,1388644388029362179,RT @modooborahae: I can‚Äôt stop laughing when he realized it was his own song. (There was a Jungkook ad with Euphoria as the BGM at the KBS‚Ä¶,ManishaPurples,,,2021-05-01 23:59:56,
339,1388644388004253697,"‚íπ-‚ë°‚ë£: ùôµùöäùöüùöòùöõùöíùöùùöé ùöÉùöíùöùùöïùöé ùöÉùöõùöäùöåùöî

Pretty U has a special place in my heart. Even now, when I think about the lyrics, it s‚Ä¶ https://t.co/EsqzjJI51b",pclrwonu,,,2021-05-01 23:59:56,
340,1388644387958239234,RT @radiantbutch: for the record if you or your non-binary group of friends affectionately uses ‚Äúthey/them‚Äù as a noun or identifier that is‚Ä¶,CreatorTan,,,2021-05-01 23:59:56,
341,1388644387907768325,"RT @iamsanajamal: The Prophet (Ô∑∫) said: 

""There is a gate in Paradise called Ar-Raiyyaan and those who observe Saum (fast) will enter thro‚Ä¶",Rafique_techie,,,2021-05-01 23:59:56,
342,1388644387899510785,"RT @Louis_Allday: In May 2003, Dr David Kelly told a BBC journalist that Alastair Campbell had personally added the invented ‚Äò45 minute‚Äô WM‚Ä¶",HumanitarianPR,,,2021-05-01 23:59:56,
343,1388644387878412289,"RT @jacobinmag: Since we're just an hour away, here's a quick thread of #MayDay posters from around the world. 

A Garland for May Day, Wal‚Ä¶",KieransArtHorde,,,2021-05-01 23:59:56,MayDay
344,1388644387861635072,"if you say you're not gonna entertain it and move on with your life, you are a complete dickhead. even if you try t‚Ä¶ https://t.co/dNeqYEsWui",formulanicole,,,2021-05-01 23:59:56,
345,1388644387811332099,"RT @DoctorFishbones: Nancy Pelosi, Chuck Schumer, and Joe Biden have a combined 120 years in office and the media is telling me we have tur‚Ä¶",PeteyBrian,,,2021-05-01 23:59:56,
346,1388644387781943299,@sourfingerz YES she‚Äôs a great character and she doesn‚Äôt deserve all the hate :(,B4TGIRLS,,,2021-05-01 23:59:56,
347,1388644387744268289,"RT @iRanaIrfan: Dear Pakistanis,
Let's join;

#⁄©ÿ±ŸæŸπ_⁄©Ÿà_⁄©€åŸà⁄∫_⁄Ü⁄æŸà⁄ë_ÿØ€åÿß

""The nations prior to you were destroyed because if a noble amongst t‚Ä¶",Syedataseer3,,,2021-05-01 23:59:56,⁄©ÿ±ŸæŸπ_⁄©Ÿà_⁄©€åŸà⁄∫_⁄Ü⁄æŸà⁄ë_ÿØ€åÿß
348,1388644387735982087,"RT @ProfRobStew: DARK MATTER ISN'T *PARTICLES.*

It's merely an ALTERED STATE of #GRAVITY. üòâüôè

""To make a measurement of THE PHOTON once wi‚Ä¶",Px_dasmulher2,,,2021-05-01 23:59:56,GRAVITY
349,1388644387677253632,RT @wnrstweets: relax. you‚Äôll figure that thing out. you‚Äôll make the deadline. it will make sense. your heart will heal. you will feel a lo‚Ä¶,bshbsh191,,,2021-05-01 23:59:56,
350,1388644387643666437,@tannieglobal i finished in the top 200 üòÅ im a winner https://t.co/S3boPWrZan,hopesworld20,,,2021-05-01 23:59:56,
351,1388644387454922756,The gym cause baby boy be getting to see like a salad https://t.co/dgB7PZHzKm,ViaDev_,,,2021-05-01 23:59:56,
352,1388644387408728067,"RT @WorldofOutlaws: A whole new definition to bullring brawl.

Tensions from last night carried over to today as Aaron Reutzel and Wayne Jo‚Ä¶",TTBGYT,,,2021-05-01 23:59:56,
353,1388644387337371648,"RT @penguinpromotes: üíµ| $10 | php | idr 

‚Ä¢ follow @Nadeshiko_coin
‚Ä¢ retweet + join tg üëáüèª (reply proof)
https://t.co/dqNOSSPyah

‚Äîends in 1‚Ä¶",mississippirieg,,,2021-05-01 23:59:56,
354,1388644387312181256,"RT @byeoongcheol: If given the chance, Josh's goal when he comes to the states, aside from meeting his relatives, is see the A‚ÄôTIN US Fanba‚Ä¶",KikoNonoy,,,2021-05-01 23:59:56,
355,1388644387240910848,"RT @jongseongflirts: digitals is the most important criteria in music shows. please those engenes who aren't part of the streaming team, pl‚Ä¶",stan3nhypenn,,,2021-05-01 23:59:56,
356,1388644387236683780,RT @KevinKileyCA: 87 percent of Californians say the quality of public education is a problem. Trapping kids in failing schools is  a busin‚Ä¶,dakajoza,,,2021-05-01 23:59:56,
357,1388644387228426242,RT @NewsHawksLive: Botswana and Zambia will officially open the new US$260m Kazungula Bridge on 10 May. The 923-metre-long bridge over the‚Ä¶,JrKambewa,,,2021-05-01 23:59:56,
358,1388644387169599489,"@JACE_kpop ‚Ä¢Im from the US
‚Ä¢ #NCT2020 #NCT_RESONANCE 
‚Ä¢ I would like volcano as a music video!

Thank you so much for creating this ‚ù§Ô∏è‚ò∫Ô∏è",nessa95_,,,2021-05-01 23:59:56,NCT2020
359,1388644386951647236,RT @ewarren: The bottom 99 percent paid 7.2% of their total wealth in taxes last year. But the top one-tenth of one percent‚Äîthe top million‚Ä¶,esooM191353,,,2021-05-01 23:59:56,
360,1388644386943217666,"@NYDailyNews While I‚Äôm grateful for this coverage, it‚Äôs important to note that folks rallying for a safe and equita‚Ä¶ https://t.co/zgEF1Fh9pc",AfrocenCHICK,,,2021-05-01 23:59:56,
361,1388644386930675713,RT @nytimes: A Republican state legislator from Oregon who was captured on surveillance video allowing demonstrators to enter the State Cap‚Ä¶,kjelenfy,,,2021-05-01 23:59:56,
362,1388644386859372553,"RT @CullenGardepe: Hey y'all, here's one of the things I've been working on. üíñ

Thank you, MSB, for the commission/chance to paint one of m‚Ä¶",CosmicSuplex,,,2021-05-01 23:59:56,
363,1388644386746114048,@CatsareBaguette @Techy_Marvel @magpie_mama A very lame riposte. They were the first to really embrace privatisatio‚Ä¶ https://t.co/B7weJz0s2t,BroHarperBantam,,,2021-05-01 23:59:56,
364,1388644386720808962,"RT @SolApeFinance: ‚ùóÔ∏èHELLO SOLANA‚ùóÔ∏è 

Announcing $SOLAPE. A Deflationary protocol built on the $SOL blockchain! No Presale, No Discord ""OG""‚Ä¶",richie_dav,,,2021-05-01 23:59:56,
365,1388644386687229956,Milf in the parking lot just got in a small car accident and she‚Äôs mad at some guy who hit her &amp; her being mad is k‚Ä¶ https://t.co/YWmZscTRX6,shakeyourkittyy,,,2021-05-01 23:59:56,
366,1388644386641219584,"RT @affleckquine: To those who might think their granny is a bit staid. This is how we were over 50 years ago, micro mini skirts. driving m‚Ä¶",ardmamma,,,2021-05-01 23:59:56,
367,1388644386548899840,"RT @LSUwbkb: The first pitch at Alex Box is in üî•

@KimMulkey is a natural https://t.co/fLZ1A6lLeK",ashleyellis92,,,2021-05-01 23:59:56,
368,1388644386532102147,"""Fuuuaaah that was good workout~""

The demon relaxed a little on the bench. Grabbing the water bottle nearby and ta‚Ä¶ https://t.co/geHFQkQ0kJ",hornedmenace,,,2021-05-01 23:59:56,
369,1388644386452295680,RT @arfilaamba: History will remember the work done by @IYC  @srinivasiyc and his team. They have been a ray of hope in these hopeless time‚Ä¶,rahuldhayal4,,,2021-05-01 23:59:56,
370,1388644386423123982,"""...but for the belief that the way of England is necessarily the way to commercial success and prosperity, undoubt‚Ä¶ https://t.co/FOE8DS4e0o",avgvstb,,,2021-05-01 23:59:56,
371,1388644386343374850,"RT @1D_Amelie: Good Night. It was a crazy Day but a good Day... Hope you also had a good Day. Love y'all. xx
I vote #Louies for #BestFanArm‚Ä¶",votarxlou,,,2021-05-01 23:59:56,Louies
372,1388644386276208649,"RT @DisguisedToast: The End of an Era.

After uploading among us videos EVERY single day for the past 8 months, I have finally run out of a‚Ä¶",Explosive_Seal,,,2021-05-01 23:59:56,
373,1388644386267881476,"@KyleKashuv I wonder if they forced the baby to put on a mask.

https://t.co/D4Vv9MpDku",J_Jammer,,,2021-05-01 23:59:56,
374,1388644386209140746,"RT @CFBONFOX: With no Michigan State players selected in this year's draft, only @GatorsFB, @UMichFootball and @USC_FB have had a player pi‚Ä¶",hobeywan14,,,2021-05-01 23:59:56,
375,1388644386137804801,Roger MarisÔºöMaybe I'm not a great man but I damn well want to break the record.,baseball_quote9,,,2021-05-01 23:59:56,
376,1388644386116935686,@ShermanKraig Holy hell what a steal! I personally thought he would‚Äôve been gone way before the 7th but according t‚Ä¶ https://t.co/NenwDfDRgW,Sherm019,,,2021-05-01 23:59:56,
377,1388644386116935682,"RT @NIMattyy: LOL the story line was great, What else do u want, a full 3 hour movie? Who wrote this üò≠üò≠",KingYeosang,,,2021-05-01 23:59:56,
378,1388644386095828992,"@Eternunique @MattsLPAdventur People were so ready to judge Let's Go.

Okay, personally, I don't want a Let's Go To‚Ä¶ https://t.co/lRzyOwNDFQ",Saxdude26,,,2021-05-01 23:59:56,
379,1388644386066636800,"The #SherlockHolmes Exhibition at @sciencemuseumok is incredible! The detail of the set design, the props on displa‚Ä¶ https://t.co/olrZa5vT6J",MissMarciePants,,,2021-05-01 23:59:56,SherlockHolmes
380,1388644386066608133,"RT @archtoronto: #DidYouknow? The month of #May is dedicated to the Blessed Virgin Mary. We ask Mary, our Mother, to help us to pray with a‚Ä¶",StDominicDP,,,2021-05-01 23:59:56,DidYouknow
381,1388644385835868160,"RT @0nlythemoon: not them calling david bowie ""this person"" and saying he didn't have a big impact on the music industry IM SO DONE PLS htt‚Ä¶",signoftimes28,,,2021-05-01 23:59:56,
382,1388644385819140102,"RT @mikegalsworthy: Dear Lord, what a terrible piece.

And very much what you‚Äôd expect from ‚Å¶@bbclaurak‚Å©.

Johnson is quite literally the b‚Ä¶",Laurence_in_EU,,,2021-05-01 23:59:56,
383,1388644385747836929,RT @taylorswift13: CONGRATS @lanawilson üòáüòáüòá !!! And a million hugs to the fans who made this happen!,swiftiesupreme,,,2021-05-01 23:59:55,
384,1388644385735135234,"RT @TomPelissero: The #Browns are signing former Florida State DT Marvin Wilson to a huge rookie free-agent deal that includes a $30,000 si‚Ä¶",Tay_AskAboutMe,,,2021-05-01 23:59:55,Browns
385,1388644385609306112,2/2: in regards to the rise in racism our AAPI community is facing &amp; dealing with to this day. Thank you for lettin‚Ä¶ https://t.co/ahRLKSqBM9,Miss_Botello,,,2021-05-01 23:59:55,
386,1388644385563234308,"RT @sleepisocialist: Pretty insane that the catalyst for May Day, the Haymarket massacre, happened in Chicago &amp; the US still doesnt recogni‚Ä¶",alymadeerah,,,2021-05-01 23:59:55,
387,1388644385538068482,"Juicy a$$ the one you‚Äôll never have a chance with üßÅüñ§

findom https://t.co/FuElZ3eVFa",kyjbaeex,,,2021-05-01 23:59:55,
388,1388644385537945603,"RT @sweetenedleigh: i feel like as a fandom we‚Äôve done all we can for confetti and no matter how hard we work, we‚Äôll just keep getting the‚Ä¶",lm_mixer_jt,,,2021-05-01 23:59:55,
389,1388644385492017159,"RT @DavidLimbaugh: Why ‚Äî yes, please tell me why ‚Äî Trump hating Republicans are just now coming to the realization that Biden is a fraud an‚Ä¶",safehaven143,,,2021-05-01 23:59:55,
390,1388644385483542534,Gotta save up put a rock on her finger that‚Äôs the only way to know you‚Äôll keep her,HoodFairyGodMuv,,,2021-05-01 23:59:55,
391,1388644385470963719,@IndyCar @TXMotorSpeedway @scottdixon9 @AlexPalou @ColtonHerta @jack_harvey42 @AlexanderRossi @smclaughlin93 Please‚Ä¶ https://t.co/4gLDJcEB7e,pressleymatthew,,,2021-05-01 23:59:55,
392,1388644385458475011,"I am the only one between my siblings who doesn't get really bad acid reflux (elite), so naturally I have to flex b‚Ä¶ https://t.co/ZNNulidF3g",danipaniq,,,2021-05-01 23:59:55,
393,1388644385416388608,RT @popcornbutter17: @scientificrealm He‚Äôs a lawyer! Should know better! But both the former guy and Giuliani are pulling the strings in th‚Ä¶,tko805,,,2021-05-01 23:59:55,
394,1388644385399746562,"RT @K_PoBlah: YO @souljaboy, the team at @hokkaiduinu has a big offer ready for you. Board of Directors seat + a big bag of $HOKK equity.‚Ä¶",killamanjambo,,,2021-05-01 23:59:55,
395,1388644385357811713,"@slickrick316 @JoshuaBrunson17 @jasonjwilde Again... why is the FO to blame and not 12? 

Show me the team with a m‚Ä¶ https://t.co/6z0NJgWP6p",zkirchenwitz,,,2021-05-01 23:59:55,
396,1388644385311666176,"RT @JustinM_NFL: The #49ers are signing former UAB WR Austin Watkins Jr., per source. #NFLDraft 

One of my favorite ""sleeper"" WR's in this‚Ä¶",JoshTice6,,,2021-05-01 23:59:55,49ers
397,1388644385278005249,"For one thing it fills a longstanding void in the global economy for a more independent, international currency med‚Ä¶ https://t.co/KivKTpx63z",ZephyrAugustus,,,2021-05-01 23:59:55,
398,1388644385265315842,"SOLD

it was gone in 1 minute üòÖ

@thedakshdawar might be the fastest hands around!

all da dollies are SOLD OUT AGA‚Ä¶ https://t.co/5oHLO7gAzi",VoodooDollsNFT,,,2021-05-01 23:59:55,
399,1388644385143894018,@SethAbramson This obvious 'demential loop' is actually painful to listen to while the crowd doesn't even have a clue....,twzzler2,,,2021-05-01 23:59:55,
400,1388644385106153472,"RT @Its_Noori1: Hamid why are you silent?

If you really consider yourself a biased journalist then you will definitely share Bashir Memon'‚Ä¶",AmjadAl30594075,,,2021-05-01 23:59:55,
401,1388644384980324358,@cbschicago Wait until the name change causes people to look up Dusable and not find much of anything. And there is‚Ä¶ https://t.co/WxpZ68cdyd,flipillinoisred,,,2021-05-01 23:59:55,
402,1388644384955043843,"A privilege to witness Paschal celebration at the Greek Orthodox Community of St John the Baptist, London. https://t.co/lQChd1Esjd",TimothyEzat,,,2021-05-01 23:59:55,
403,1388644384942526465,"RT @fapsnnaps: after many hospital &amp; doc visit they found out i have a tumor &amp; im due for surgery soon, ive been out of work for about 3 we‚Ä¶",reiplusneppy,,,2021-05-01 23:59:55,
404,1388644384690802692,"RT @LeBronfactcheck: By MJ stans logic, he clearly is. Undefeated in the finals and more championships. It's a no brainer.",Up_Next7,,,2021-05-01 23:59:55,
405,1388644384623661060,@iloveashemusic a pair of frozen hands to hold oh she‚Äôs so souther so she feels the cold,ot5elena,,,2021-05-01 23:59:55,
406,1388644384388771840,"RT @inquestioner: Cowin App chief says, he is not responsible if his app gives people a slot in a particular centre but vaccines are not av‚Ä¶",BilalIndian2,,,2021-05-01 23:59:55,
407,1388644384380489731,"RT @HayesGardner: About 40 people are gathered at the intersection of Broadway and Baxter in #Louisville, a few miles from where the Kentuc‚Ä¶",RIPvanw82284082,,,2021-05-01 23:59:55,Louisville
408,1388644384376229889,"RT @ACTBrigitte: Five police officers were killed in the line of duty this week and the media is SILENT. 

America does not have a policing‚Ä¶",Titannup,,,2021-05-01 23:59:55,
409,1388644384338432000,"Ever thought about a job in #parking? With over 4,000 locations across the US and Canada, USA Parking is looking fo‚Ä¶ https://t.co/gViWDtd8IC",JoinUSAParking,,,2021-05-01 23:59:55,parking
410,1388644384313204736,"RT @BRUTALKINKS: ‚Äúwhy would i fuck a dirty, used cunt and have you enjoy it when you don‚Äôt deserve it?‚Äù the dom slaps their hard length ove‚Ä¶",Scrapsitter,,,2021-05-01 23:59:55,
411,1388644384292294657,"RT @Zenthon14: Here is a thread of my first custom: The Core Zanspine.
#gunpla https://t.co/EV8IxikV5b",laifu_tan,,,2021-05-01 23:59:55,gunpla
412,1388644384271437841,"RT @visegrad24: On International Workers Day, as we celebrate labourers across the world, let us not forget the ideologues who imposed a ce‚Ä¶",IvanDragoTWR,,,2021-05-01 23:59:55,
413,1388644384271437834,"RT @RobertMaguire_: This is the second Republican lawmaker in Kansas to be arrested this year, and, hoo boy, it would be impossible to conv‚Ä¶",MelissaPaige03,,,2021-05-01 23:59:55,
414,1388644384212766725,RT @ihaveeczema: imagine if you were like ‚Äúthose flash ads w/ the smileys that say ‚Äòcongratulations! you won!‚Äô are a scam you dont actually‚Ä¶,andromedamn,,,2021-05-01 23:59:55,
415,1388644384212721665,@a_simple_tailor Although I imagine if you showed up to it with no mask you'd fail the test automatically,weldmechengguy,,,2021-05-01 23:59:55,
416,1388644384200171520,RT @nicktothecore74: My Mum has just had a call from her friend Marjorie to inform her that their good friend Ted who had a severe adverse‚Ä¶,andypearson01,,,2021-05-01 23:59:55,
417,1388644384158232576,I‚Äôm so afraid to request to talk during a orbit space bc Ik someone is gonna try to argue with me or bring up past‚Ä¶ https://t.co/t80QDvttBC,ramontheworld_,,,2021-05-01 23:59:55,
418,1388644384086937603,"RT @kylegriffin1: Attorney General Merrick Garland is quickly negating the Trump admin's law enforcement legacy, dismaying conservatives wi‚Ä¶",Tired2Iam,,,2021-05-01 23:59:55,
419,1388644384036593667,"@NikiKiji I actually only got 3 drinks so I still have a lot left over

The Wheel didn't land on take a shot very much XD",NoctuaEarly,,,2021-05-01 23:59:55,
420,1388644384027992068,@JRehling @DrGJackBrown The man with so much money he has a car elevator and a dancing horse is a communist... mmmkay,Dolly_Martella,,,2021-05-01 23:59:55,
421,1388644383998763008,@muwxguy But bacon might be a scent that can get through the mask.,BrianThompsonWx,,,2021-05-01 23:59:55,
422,1388644383919050753,RT @AnnaGraceWood: Too many churches are run more like a business and less like the body of Christ.,Kellyjdwyer2,,,2021-05-01 23:59:55,
423,1388644383898095621,"RT @mmun22: I sold my first picture book!!!  A dream in the making for 30...yes, 30 years!  And did someone mention possible series...yes,‚Ä¶",solmullersch,,,2021-05-01 23:59:55,
424,1388644383893958660,"RT @iIyunie: engenes, this doesnt end here, we still need to increase our views, create a huge gap in the votings &amp; maintain the chart, its‚Ä¶",RYUKAMEL,,,2021-05-01 23:59:55,
425,1388644383818276866,"@OrtegasGoon @funkmacker Colby‚Äôs a beast and as tough as they come, but what argument is there for him winning the‚Ä¶ https://t.co/g0dHIYUbUh",ScottyTalksMMA,,,2021-05-01 23:59:55,
426,1388644383755411461,RT @TPCI_: India is seeing a surge in orders from the Middle East for a variety of food products as demand rises ‚Äì a bright spot as several‚Ä¶,us_core,,,2021-05-01 23:59:55,
427,1388644383667404804,"RT @TrangNg10398947: Good Mewning!!üåûüåû
The secret to being healthy both mentally and physically is not to blame the past or fear the future,‚Ä¶",KSismyworld,,,2021-05-01 23:59:55,
428,1388644383503921153,"RT @DavidLimbaugh: Why ‚Äî yes, please tell me why ‚Äî Trump hating Republicans are just now coming to the realization that Biden is a fraud an‚Ä¶",culperble,,,2021-05-01 23:59:55,
429,1388644383503831040,"RT @katlyyons: Since we‚Äôre holding the food service industry‚Äôs feet to the fire already, can we overhaul the idea that cashiers/servers/etc‚Ä¶",AndreaRock97,,,2021-05-01 23:59:55,
430,1388644383474348032,"RT @ajhan: INVINCIBLE, THE BOYS, and JUSTICE LEAGUE have made me realize what the Avengers are missing and that‚Äôs a guy who‚Äôs a fish",johngld,,,2021-05-01 23:59:55,
431,1388644383428202496,"RT @DrTomFrieden: Globally, the end of the pandemic isn't near.
 
More than a million lives depend on improving our response quickly.
 
Don‚Ä¶",krazykrash,,,2021-05-01 23:59:55,
432,1388644383411642368,RT @davidsirota: Glad this article in mid 2020 sparked the anti-austerity pushback after Biden‚Äôs top aide said there would be no money to s‚Ä¶,DaremstrSpoodle,,,2021-05-01 23:59:55,
433,1388644383361220610,"Check out this book: ""A Very Dangerous Woman: The Lives, Loves and Lies of Russia's Most Seductive Spy"" by Deborah‚Ä¶ https://t.co/5yPbXKxTcX",Orgetorix,,,2021-05-01 23:59:55,
434,1388644383357116416,RT @incogneato_art: A (very late) gift for @BronxDen I did in the most recent drawpile. https://t.co/I413r1mCHp,D_BigRedMachine,,,2021-05-01 23:59:55,
435,1388644383281528833,"@nicoIasmathis Maybe I‚Äôm making it a bigger thing in my head. But before, we‚Äôve only spoken a few words over the ye‚Ä¶ https://t.co/fpCTA5LTqJ",agstnsb,,,2021-05-01 23:59:55,
436,1388644383264854020,RT @davidhogg111: I will never forget the time a ‚Äúfiscally conservative‚Äù President forced Secret Service and other US government officials‚Ä¶,chezrabbits,,,2021-05-01 23:59:55,
437,1388644383143067648,RT @H7Hadyl: Happy birthday üéâüíêwish you all the best üåπüíïI loved you and I love you and I will always love you so lets stay toghter for a long‚Ä¶,JhonaalynP,,,2021-05-01 23:59:55,
438,1388644383046569989,RT @Unbreakable_Pub: We made it to Gold bestseller right at the end of April! What a great way to kick off #AAPIHeritageMonth! Help us cele‚Ä¶,cherrydrop,,,2021-05-01 23:59:55,AAPIHeritageMonth
439,1388644383008903168,"RT @MayorWilliamsJA: @jordanfibonacci To answer, we would need much more than a tweet. Im sure you are also very smart so I‚Äôm sure you see‚Ä¶",BrayForJade,,,2021-05-01 23:59:55,
440,1388644382975447045,"RT @NaijaFlyingDr: She joined the Nigeria Air Force in 2010, and was ‚Äúbrutally raped‚Äù&amp; beated till comatose by her superior officer, B. S V‚Ä¶",LightHouse3040,,,2021-05-01 23:59:55,
441,1388644382954377218,"Teams that got ahead of this, keeping their trainers/coaches, setting up live ABs with facilities, staying in touch‚Ä¶ https://t.co/uRlWZXez5C",drivelinebases,"Nevada, USA",United States,2021-05-01 23:59:55,
442,1388644382883074051,"RT @LayomiOmowunmi: This is a new month, pls fams help me to start up my shop this new month,I don't want to sell the container again, pls‚Ä¶",MichaelOjori,,,2021-05-01 23:59:55,
443,1388644382866214915,"The showrunners literally put it in at the last second, with no development or even a goddamn conversation between‚Ä¶ https://t.co/qrXra5qaof",fan_tashia,,,2021-05-01 23:59:55,
444,1388644382786654213,"RT @singermanglifan: Beauty is not in the face
Beauty is a light in the Heart
#Mangli https://t.co/6TD4e46gvy",Gurupra09276390,,,2021-05-01 23:59:55,Mangli
445,1388644382736330756,"@TrustPad
‚ö° The First Decentralized Multi-chain IDO #launchpad that provides a fair, seamless and safe fundraise fo‚Ä¶ https://t.co/FZjj3PeI6G",XLargefithian,,,2021-05-01 23:59:55,launchpad
446,1388644382719496194,"@SCDOTPress whoever came up with the split lane b.s. on i85 your mother is a hoe.
I sat at a stand still from 10:30am to 6pm",cklineberger,,,2021-05-01 23:59:55,
447,1388644382702723072,RT @DRUNKONSELENUR: I love selena so much the way she‚Äôs advocating for mental health honestly makes me feel so seen dealing with mental hea‚Ä¶,Unravelmee,,,2021-05-01 23:59:55,
448,1388644382685892609,"| think this is a good airdrop, not for promotion or make some recomendation, that the choice is ours. But I believ‚Ä¶ https://t.co/16BDHVemED",YusrilBaharsyah,,,2021-05-01 23:59:55,
449,1388644382685810688,"RT @MrKRudd: There's a story in Murdoch's papers today, sustaining their character assassination campaign, this time through my brother. I‚Äô‚Ä¶",sharanjit,,,2021-05-01 23:59:55,
450,1388644382593536004,"RT @zryanverse: If Filipinos will vote for Manny Pacquiao, Bong Go or Sarah Duterte in 2022 let‚Äôs give up the pretense of being a country.‚Ä¶",ELORAGDL,,,2021-05-01 23:59:55,
451,1388644382576975873,"RT @gnmirmd: Nature meets nature:Nature of BJP meets it match in the nature of Covid-19‚Äì brutal, ruthless, barbaric and relentless! BJP fai‚Ä¶",mojkashir,,,2021-05-01 23:59:55,
452,1388644382514065408,Congrats. The NFL just got a man and player who has great character and passion for the game. Looking forward in wa‚Ä¶ https://t.co/bcz9h47vnp,ScottGil8719,,,2021-05-01 23:59:55,
453,1388644382442758151,GOAL!!! RUST!!! WHAT A PLAY!!! He scores his 2nd of the game for his 100th career goal! #InBryanWeRust,PensInsideScoop,,,2021-05-01 23:59:55,InBryanWeRust
454,1388644382396583938,"RT @DonovanTyee: @IamTabithaBrown needs her own talk show!

I am worn out from all the negativity I wake up to every day. We need a show th‚Ä¶",LafizzyD,,,2021-05-01 23:59:55,
455,1388644382354681860,not shown but i had to stack a digital camera on top of the mamiya and display live view through my phone just to make sure i was in frame,pat__jpg,,,2021-05-01 23:59:55,
456,1388644382312697862,"RT @joffeorama: Do you remember the nintendo wii, Brendan? It had those little avatars. You could become anyone. Anyway don't live like me,‚Ä¶",draqqons,,,2021-05-01 23:59:55,
457,1388644382262235137,@Menace215X @_BARENAISSANCE_ Lmao how long you been cosplaying a Black man on the internet? Send me the info to you‚Ä¶ https://t.co/RQiQuLTF3t,BrotherAdos,,,2021-05-01 23:59:55,
458,1388644382228635649,‚ÄúI would like to RAGE!‚Äù We managed to snag a few pics of Yasha at Welly @Armageddonexpo thanks Lance taking the pic‚Ä¶ https://t.co/7N8vkxOUVp,cheshliddle,,,2021-05-01 23:59:55,
459,1388644382144749570,"Dodgers and Padres having a competition for who can have the deepest IL roster this season. I, for one, am not in f‚Ä¶ https://t.co/HjSp4bsGXh",WalterTheAltar,,,2021-05-01 23:59:55,
460,1388644382094549003,"@LuteroLynx @JibletsStinky @kakasujones @kayaeger1 There is. 

It‚Äôs also an experimental gene therapy, very much no‚Ä¶ https://t.co/8p3evnCscL",kahlil,,,2021-05-01 23:59:55,
461,1388644382035820544,RT @MrOdanz: Today makes it 31 days since a fighter jet of the Nigerian Airforce went down in Sambissa forest and Shekau's boys used it for‚Ä¶,youngclassydude,,,2021-05-01 23:59:55,
462,1388644381972860928,"@SlothyMcSloth7 @abcnews My favourite part, as always, is learning that there are even more people out there than I‚Ä¶ https://t.co/6e5PE5M3s1",missjules666,,,2021-05-01 23:59:55,
463,1388644381855346689,"RT @JenLucPiquant: ""'Columbia' is a music video illustrated with fluid dynamics, chemistry, and biology by the Beauty of Science team. It‚Äôs‚Ä¶",AndrewPlewe,,,2021-05-01 23:59:55,
464,1388644381759000576,"RT @Amandycat: @notanastronomer @dataandpolitics @Victor_Asal @dclingi Just over a year ago, our neighbours asked me if I was missing a chi‚Ä¶",Suze_HC,,,2021-05-01 23:59:55,
465,1388644381754724352,"We're down a man, as Brandon McCartney's in the box for tripping with just over seven minutes to play in the 3rd!

#OneCru | #AJHL",SPcrusaders,,,2021-05-01 23:59:55,OneCru
466,1388644381712916481,"@GamerThumbTV I hear ya , I love the statues and would totally dedicate a whole room to just the assassins but they get super expensive",ARTSENSEI86,"New York, USA",United States,2021-05-01 23:59:55,
467,1388644381565980672,"RT @Reuters: ICYMI: Former Italian Olympian Andrea Oriana set a record with a swim across a 12-mile stretch of the high-altitude, cold Lake‚Ä¶",MySeaBuddies,,,2021-05-01 23:59:54,
468,1388644381544960001,RT @Fact: Months that begin on a Sunday will always have a 'Friday the 13th'.,chuda_khatri,,,2021-05-01 23:59:54,
469,1388644381477904388,RT @dreamwisp: This is deeply disturbing. Libraries are centers of community and human connection. Librarians are essential resources. An a‚Ä¶,ThinWhiteDork,,,2021-05-01 23:59:54,
470,1388644381448712192,"RT @ATinGlobal_Soc: [Not #SB19 related]

The Prince of V-Pop @sontungmtp777, debuts atop the #GlobalYouTubeCounter with his brand new video‚Ä¶",stellajeroe_,,,2021-05-01 23:59:54,SB19
471,1388644381297500161,I will never understand why C/urtis and sc stans act like not liking him or the ship is the biggest offense to huma‚Ä¶ https://t.co/tHqc29QfUu,fan_tashia,,,2021-05-01 23:59:54,
472,1388644381222125568,@bstaxxalot Lmfao a white boy or nigga from the suburbs is the real question üßê,TrillTage,,,2021-05-01 23:59:54,
473,1388644381167661064,"RT @GoShockersSB: How about 9Ô∏è‚É£9Ô∏è‚É£ in the circle today?!

After Tulsa grabbed a 5-4 lead in the bottom of the 4th, Erin allowed only one ba‚Ä¶",eerinmcdonald,,,2021-05-01 23:59:54,
474,1388644381138292736,"RT @Sillyshib: Well. Turns out Germany held all the German cars, Norway has all the control, the 350 million a week has been given to Tory‚Ä¶",carobootoo,,,2021-05-01 23:59:54,
475,1388644381004025858,RT @uxinblack: Ppl always tryna police spoilers about a show THEY just found out about. I can‚Äôt post shit bc you late to the game ü§®,__ProfessorX,,,2021-05-01 23:59:54,
476,1388644380966211584,RT @DrumChronicles: #SouthAfrica crumbling economy - day in the life of a Cash in Transit crew https://t.co/aCuYpu6UxI,Aamnsyq,,,2021-05-01 23:59:54,SouthAfrica
477,1388644380894842880,@PFF_Fantasy Yal smoking dick if you think the Raiders get a C grade in this draft.,GqSteezy,,,2021-05-01 23:59:54,
478,1388644380861476866,RT @jonathanalter: Reporters should cut through the noise and ask GOPs a simple question: ‚ÄúWhy do you want to make it harder to vote?‚Äù When‚Ä¶,Lexstar,,,2021-05-01 23:59:54,
479,1388644380861472774,"RT @david_perell: I'm driven by two virtues: discipline and creativity.

Discipline is the voice of a strict coach who is always telling me‚Ä¶",brianlaungaoaeh,,,2021-05-01 23:59:54,
480,1388644380861353984,RT @AlexBerenson: So researchers looked at 100 people who‚Äôd recovered from SARSCoV2 and found strong T-cell responses 6 months later - a si‚Ä¶,Cangal21Isback,,,2021-05-01 23:59:54,
481,1388644380832112644,@BogochIsaac @peterzimonjic Can you explain the point of a vaccine passport?  If people who are vaccinated can stil‚Ä¶ https://t.co/xPMPdNptir,MikeTheGem,,,2021-05-01 23:59:54,
482,1388644380832108547,RT @balleralert: FBI Claims Former Georgia Deputy Called The Beating Of A Black Man In Custody ‚ÄúSweet Stress Relief‚Äù https://t.co/02bRsIx0p‚Ä¶,fact72based,,,2021-05-01 23:59:54,
483,1388644380710514693,"RT @MJHtv23: I don't know how they do it, but every time Phil Lord and Chris Miller produce an animated movie, they always find a way to ma‚Ä¶",Darthlixp,,,2021-05-01 23:59:54,
484,1388644380710301697,"RT @oscarsites: üö®üö® Tutorial on how to boost Oscar on the Weibo Star Power List üö®üö® 

1. Go to his Weibo profile &amp; click on the link with the‚Ä¶",shinyhibiscus_,,,2021-05-01 23:59:54,
485,1388644380660088836,@EnderPreston Is there a possibility that I can have the code for this masterpiece,VirtualVoltage,,,2021-05-01 23:59:54,
486,1388644380643373056,RT @932220SG: We'll do a mini streaming party as a practice for tomorrow's one of #/WhereIsTheKingAgustD we'll be using the #: #ItsSUGAakaA‚Ä¶,Y0ONGIGGLES,,,2021-05-01 23:59:54,
487,1388644380601290753,"@creed_humphrey @PatrickMahomes @TreySmith73 @-PatrickMahomes
@cree_humphrey you the B-E-A-S-T",berna2264,,,2021-05-01 23:59:54,
488,1388644380567871493,RT @Kat4Obama: Muted a scientist I used to enjoy reading because she's suddenly annoyed at John Kerry for asking scientists to lead on clim‚Ä¶,aspirational12,,,2021-05-01 23:59:54,
489,1388644380567871490,"@pablorfraile @beeple congratulations @pablorfraile ! 

It will probably be a cornerstone piece in art history. Koo‚Ä¶ https://t.co/BGOY9TooK1",B61259490802,,,2021-05-01 23:59:54,
490,1388644380546793478,it would have been so easy to have beau be like ‚Äúi‚Äôm tired of the uncertainty of my feelings for jes‚Äù and yasha ‚Äúi‚Äô‚Ä¶ https://t.co/gpVK04pcJZ,aroaessidhe,,,2021-05-01 23:59:54,
491,1388644380534267913,"RT @WasaibExplore: Abbasi Mosque is a mosque located in the city of Bahawalpur, Derawar Fort, Cholistan region of South Punjab the province‚Ä¶",ms_sayes,,,2021-05-01 23:59:54,
492,1388644380517576704,RT @mingilights: a thread of all the pictures mingi tweeted on 190630 because it was very cute how he kept us so updated throughout his day‚Ä¶,Ateezpedia,,,2021-05-01 23:59:54,
493,1388644380429504519,RT @tsm560: I worry about the future because a lot of you will still be around,LostGirl2323,,,2021-05-01 23:59:54,
494,1388644380425129984,"RT @tetebear_x: It's a full album TXT is releasing next, make it BIG no slacking. 
If we are the biggest 4th gen fandom then we BETTER act‚Ä¶",t4eh00n,,,2021-05-01 23:59:54,
495,1388644380416909313,@justindeanlee There are quite a lot of people over the years for whom this agency obviously did not literally mean‚Ä¶ https://t.co/WjaIb0Mce2,MartinSkold2,,,2021-05-01 23:59:54,
496,1388644380404240389,"RT @DeadPresPicks: VIP 1/1 

MLB ‚öæÔ∏è‚öæÔ∏è

White Sox -1 -126 (1u) 

Drop a like if ur ridin the hot hand LFG NEED YALL W ME LFGüî•‚§µÔ∏è https://t.co‚Ä¶",AkivaForman,,,2021-05-01 23:59:54,
497,1388644380379131907,at my first soccer game since before the pandemic and i‚Äôm seated in front of a group of guys who are objectifying t‚Ä¶ https://t.co/996gSVXqfo,whythedilEMMA,,,2021-05-01 23:59:54,
498,1388644380332883970,"RT @thecaravanindia: Archives | The evasion in taking a political position, or expressing any individual conviction, signals how actors are‚Ä¶",sayk_art,,,2021-05-01 23:59:54,
499,1388644380186083330,RT @sunsandships: TIL the oldest living terrestrial animal in the world is a üê¢ named Jonathan who has a mate named Frederik that he‚Äôs been‚Ä¶,catherinjoyb,,,2021-05-01 23:59:54,
